link,검토 담당자,계약 배경/목적,계약 분류,계약 시작일,계약 종료일,계약명,계약서,관리번호,상대 계약자,서면 실태 조사,요청 기업,요청자,지급 상세,진행 상태
https://harim.business.lawform.io/clm/10827,-,,"[업무·시스템]준법지원
(업무·시스템 > [업무·시스템]준법지원)",2025-12-01,2026-11-30,"로폼비지니스 계약관리 서비스 사용 계약서
별도 등록",,2025-10827-00003,아미쿠스렉스 주식회사,미사용,하림지주,이슬,,계약 이행 중
https://harim.business.lawform.io/clm/10679,-,,"[IT·시스템]유지보수
(IT·시스템 > [IT·시스템]유지보수)",2023-07-01,2026-06-30,"H-One업그레이드 및 유지보수 계약서
별도 등록",,C20190901-0001,(주)하림,미사용,하림지주,고성빈,,계약 이행 중
https://harim.business.lawform.io/clm/10533,-,,"[용역]고문·자문·컨설팅
(용역 > [용역]고문·자문·컨설팅)",2024-10-23,2025-10-22,"자문계약서
별도 등록",,C20241023-0001,법무법인 엘케이비앤파트너스,미사용,하림지주,윤승용,,계약 종료
https://harim.business.lawform.io/clm/10578,윤혜진,,"[IT·시스템]사용/라이선스
(IT·시스템 > [IT·시스템]사용/라이선스)",2024-05-01,2026-04-30,메가존소프트 서비스(GCP) 이용 계약서,,C20230607-0001,메가존소프트 주식회사,미사용,하림지주,고성빈,,계약 이행 중
https://harim.business.lawform.io/clm/10692,-,,"[업무·시스템]준법지원
(업무·시스템 > [업무·시스템]준법지원)",2024-04-03,2026-04-02,"Law.Ai 라이선스 계약서
별도 등록",,C20230329-0001,(주)휴맥스홀딩스,미사용,하림지주,윤승용,,계약 이행 중
https://harim.business.lawform.io/clm/10564,-,,"[IT·시스템]유지보수
(IT·시스템 > [IT·시스템]유지보수)",2024-07-01,2026-06-30,[변경] 더존 ERP-iU 시스템 유상 유지관리 계약,,C20230619-0002-3,(주)더존비즈온,미사용,하림지주,고성빈,,계약 이행 중
https://harim.business.lawform.io/clm/10565,-,,"[IT·시스템]유지보수
(IT·시스템 > [IT·시스템]유지보수)",2024-07-01,2026-06-30,더존 ERP-iU 시스템 유상 유지관리 계약,,C20230619-0002-2,(주)더존비즈온,미사용,하림지주,고성빈,,계약 이행 중
https://harim.business.lawform.io/clm/10548,-,,"[IT·시스템]유지보수
(IT·시스템 > [IT·시스템]유지보수)",2024-08-01,2026-07-31,[변경] 더존 EFIS 시스템 유상 유지관리 계약,,C20230719-0001-3,(주)더존비즈온,미사용,하림지주,고성빈,,계약 이행 중
https://harim.business.lawform.io/clm/10549,윤혜진,,"[IT·시스템]유지보수
(IT·시스템 > [IT·시스템]유지보수)",2024-08-01,2026-07-31,더존 EFIS 시스템 유상 유지관리 계약,,C20230719-0001-2,(주)더존비즈온,미사용,하림지주,고성빈,,계약 이행 중
https://harim.business.lawform.io/clm/10685,윤승용,,"[교육]위탁(교육)
(교육 > [교육]위탁(교육))",2023-05-15,2023-12-01,하림그룹 Digital School 위탁교육 계약서,,C20230508-0002,(주)아이지엠세계경영연구원,미사용,하림지주,고성빈,,계약 종료
https://harim.business.lawform.io/clm/10684,윤승용,,"[마케팅]후원
(마케팅 > [마케팅]후원)",2023-06-01,2023-12-31,새만금 제25회 세계스카우트잼버리 후원 계약서,,C20230515-0001,2023 새만금 세계스카우트잼버리조직위원회,미사용,하림지주,윤혜진,,계약 종료
https://harim.business.lawform.io/clm/10667,윤승용,,"[IT·시스템]사용/라이선스
(IT·시스템 > [IT·시스템]사용/라이선스)",2025-08-01,2026-07-31,소프트웨어(스팬딧) 유료사용 계약서,,C20200801-0001-2,(주)스팬딧,미사용,하림지주,고성빈,,계약 이행 중
https://harim.business.lawform.io/clm/10653,-,,"[용역]기타
(용역 > [용역]기타)",2023-10-10,2024-04-09,하림그룹 통합 PI,,C20230609-0001,삼성에스디에스주식회사,미사용,하림지주,고성빈,,계약 종료
https://harim.business.lawform.io/clm/10652,-,,"[IT·시스템]사용/라이선스
(IT·시스템 > [IT·시스템]사용/라이선스)",2023-10-10,2024-04-09,그룹사 통합 PI용 프로세스 자산화 솔루션(SFOLM 시스템) 도입 구매 계약서,,C20230915-0001,스마트팩토리,미사용,하림지주,고성빈,,계약 종료
https://harim.business.lawform.io/clm/10651,윤혜진,,"[IT·시스템]사용/라이선스
(IT·시스템 > [IT·시스템]사용/라이선스)",2023-10-09,2024-04-09,SAP Value Assurance Support 서비스 계약,,C20230915-0002,에스에이피코리아(주),미사용,하림지주,고성빈,,계약 종료
https://harim.business.lawform.io/clm/10584,윤혜진,,"[임차]사무실
(임차 > [임차]사무실)",2023-10-10,2024-04-09,위워크 멤버십 계약,,C20230915-0003,위워크서울3호 유한회사,미사용,하림지주,고성빈,,계약 종료
https://harim.business.lawform.io/clm/10583,윤혜진,,"[임차]사무실
(임차 > [임차]사무실)",2023-10-10,2024-04-09,[변경] 위워크 멤버십 계약,,C20230915-0003-2,위워크서울3호 유한회사,미사용,하림지주,고성빈,,계약 종료
https://harim.business.lawform.io/clm/10582,윤혜진,,"[업무·시스템]인사
(업무·시스템 > [업무·시스템]인사)",2024-04-15,2024-05-31,위워크 멤버십 계약,,C20230915-0003-3,위워크서울3호 유한회사,미사용,하림지주,고성빈,,계약 종료
https://harim.business.lawform.io/clm/10577,윤승용 외 1,,"[IT·시스템]유지보수
(IT·시스템 > [IT·시스템]유지보수)",2025-05-01,2026-04-30,[변경] 메가존소프트 서비스(GCP) 이용계약서,,C20230607-0001-2,메가존소프트 주식회사,미사용,하림지주,고성빈,,계약 이행 중
https://harim.business.lawform.io/clm/10571,송영준,,"[렌탈]기타
(렌탈 > [렌탈]기타)",2024-07-01,2026-01-31,그룹 통합 ERP 구축 프로젝트 네트워크 장비 임대 계약서,,C20240618-0001,(주)하림산업,미사용,하림지주,고성빈,,계약 이행 중
https://harim.business.lawform.io/clm/10570,윤승용 외 1,,"[구매]기타
(구매 > [구매]기타)",2024-07-01,2024-07-01,그룹 통합 ERP 구축 프로젝트 사무집기 양수계약,,C20240619-0003,(주)하림산업,미사용,하림지주,고성빈,,계약 이행 중
https://harim.business.lawform.io/clm/10566,윤승용,,"[IT·시스템]유지보수
(IT·시스템 > [IT·시스템]유지보수)",2024-07-01,2025-06-30,더존 ERP-iU 시스템 유상 유지관리 계약,,C20230619-0002,(주)더존비즈온,미사용,하림지주,고성빈,,계약 종료
https://harim.business.lawform.io/clm/10563,-,,"[임차]사무실
(임차 > [임차]사무실)",2024-07-01,2026-01-31,그룹 통합 ERP 구축 프로젝트를 위한 사무실 임차계약서,,C20240607-0001,(주)윈스,미사용,하림지주,고성빈,,계약 이행 중
https://harim.business.lawform.io/clm/10562,송영준,,"[IT·시스템]유지보수
(IT·시스템 > [IT·시스템]유지보수)",2024-07-01,2026-01-31,그룹 통합 ERP 구축 프로젝트 사무실 네트워크 유지보수 계약,,C20240617-0002,(주) 콤텍시스템,미사용,하림지주,고성빈,,계약 이행 중
https://harim.business.lawform.io/clm/10561,송영준,,"[렌탈]사무용품
(렌탈 > [렌탈]사무용품)",2026-01-31,2026-01-31,그룹 통합 ERP 구축 프로젝트 사무가구/집기 렌탈 계약,,C20240619-0001,(주)중앙솔루션,미사용,하림지주,고성빈,,계약 이행 중
https://harim.business.lawform.io/clm/10557,송영준,,"[교육]위탁(교육)
(교육 > [교육]위탁(교육))",2024-07-10,2024-09-08,하림그룹 SAP 온라인교육 협약서,,C20240628-0002,주식회사 젠컨설팅,미사용,하림지주,고성빈,,계약 이행 중
https://harim.business.lawform.io/clm/10550,윤혜진,,"[IT·시스템]유지보수
(IT·시스템 > [IT·시스템]유지보수)",2024-08-01,2025-07-31,더존 EFIS 시스템 유상 유지관리 계약,,C20230719-0001,(주)더존비즈온,미사용,하림지주,고성빈,,계약 종료
https://harim.business.lawform.io/clm/10547,송영준,,"[기타]합의서
(기타 > [기타]합의서)",2024-08-16,,하림 One ERP 1단계 구축 - 추가사무실(윈스동 10층) 현임차사(씨에스)와의 이행합의서,,C20240729-0001,(주)씨에스,미사용,하림지주,고성빈,,계약 이행 중
https://harim.business.lawform.io/clm/10546,송영준,,"[임차]사무실
(임차 > [임차]사무실)",2024-08-16,2026-01-15,하림 One ERP 1단계 구축 - 추가사무실 임차계약서 (판교 윈스동 10층),,C20240729-0002,(주)윈스,미사용,하림지주,고성빈,,계약 이행 중
https://harim.business.lawform.io/clm/10540,송영준,,"[공사]도급
(공사 > [공사]도급)",2024-08-16,2024-08-24,"하림 One ERP 1단계 구축 - 추가사무실 가벽철거,기타공사 계약서",,C20240805-0001,제이에스공사,미사용,하림지주,고성빈,,계약 이행 중
https://harim.business.lawform.io/clm/10539,송영준,,"[렌탈]기타
(렌탈 > [렌탈]기타)",2024-08-16,2026-01-15,하림 One ERP 1단계 구축 - 추가사무실 네트워크 장비 임대 계약서,,C20240802-0001,(주) 콤텍시스템,미사용,하림지주,고성빈,,계약 이행 중
https://harim.business.lawform.io/clm/10538,송영준,,"[구매]기타
(구매 > [구매]기타)",2024-08-16,2026-01-15,하림 One ERP 1단계 구축 - 추가사무실 네트워크 장비(방화벽) 구 계약서,,C20240802-0002,(주) 콤텍시스템,미사용,하림지주,고성빈,,계약 이행 중
https://harim.business.lawform.io/clm/10537,윤승용,,"[IT·시스템]사용/라이선스
(IT·시스템 > [IT·시스템]사용/라이선스)",2024-10-01,2026-09-30,하림 One ERP 1단계 구축 프로젝트 SAP ActiveAttention Services 계약,,C20240911-0001,에스에이피코리아(주),미사용,하림지주,고성빈,,계약 이행 중
https://harim.business.lawform.io/clm/10526,-,"10층 개별 냉난방기 부족으로 업무집중도 저하 - 10층의 FCU(건물중앙 냉난방기)는 성능이 떨어지며 여름/겨울철 9시~18시에만 작동됨 - 회의실(Learning Hub, Synergy Room)과 사무실 중앙부분에는 개별 냉난방기가 없어 간절기와 18시 이후 온도조절 불가 - 회의실(Eureka Zone)은 개별 냉난방기 한 개로 온도조절 부족","[공사]도급
(공사 > [공사]도급)",2025-02-01,2025-02-16,하림 One ERP 1단계 구축 - 프로젝트 사무실 10층 냉난방기 설치 공사,,C20241205-0001,하이엠솔루텍주식회사,미사용,하림지주,고성빈,"일금 이천칠백오십만원 정(27,500,000) 준공검사 완료 후 세금계산서 발행일로부터 15일이내 (VAT별도)",계약 이행 중
https://harim.business.lawform.io/clm/10518,-,,"[IT·시스템]유지보수
(IT·시스템 > [IT·시스템]유지보수)",2025-01-16,2026-01-15,프로세스 자산화 솔루션(H-SOP) 유상 유지관리 계약,,C20241227-0001,스마트팩토리,미사용,하림지주,고성빈,,계약 이행 중
https://harim.business.lawform.io/clm/10517,-,,"[임차]사무실
(임차 > [임차]사무실)",2025-01-01,2025-08-31,"임대차 계약서(제일사료)(하림타워)
별도 등록",,C20250101-0003,제일사료,미사용,하림지주,송영준,,계약 종료
https://harim.business.lawform.io/clm/10552,-,,"[IT·시스템]사용/라이선스
(IT·시스템 > [IT·시스템]사용/라이선스)",2023-07-19,2024-07-18,"셔터스톡 기업 계정 라이선스 계약서
별도 등록",,C20230220-0001-2,셔터스톡코리아유한회사,미사용,하림지주,고성빈,,계약 종료
https://harim.business.lawform.io/clm/10553,-,,"[IT·시스템]사용/라이선스
(IT·시스템 > [IT·시스템]사용/라이선스)",2023-02-20,2024-02-09,"셔터스톡 기업 계정 라이선스 계약서
별도 등록",,C20230220-0001,셔터스톡코리아유한회사,미사용,하림지주,고성빈,,계약 종료
https://harim.business.lawform.io/clm/10596,-,,"[임대]사무실
(임대 > [임대]사무실)",2023-01-01,2023-12-31,"하림지주사옥 임대차 계약서
별도 등록",,C20230101-0006,(주)동림,미사용,하림지주,오세미,,계약 종료
https://harim.business.lawform.io/clm/10594,-,,"[임대]사무실
(임대 > [임대]사무실)",2023-01-01,2023-12-31,"하림지주사옥 임대차 계약서
별도 등록",,C20230101-0008,농업회사법인(유)에이치비씨,미사용,하림지주,오세미,,계약 종료
https://harim.business.lawform.io/clm/10499,-,,"[업무·시스템]준법지원
(업무·시스템 > [업무·시스템]준법지원)",2024-07-01,2025-06-30,"하림지주 Help-Line 계약서
별도 등록",,C20230701-0001-2,(사)한국기업윤리경영연구원,미사용,하림지주,윤승용,,계약 종료
https://harim.business.lawform.io/clm/10642,-,,"[기타]기타
(기타 > [기타]기타)",2021-01-01,2023-12-31,"외부감사 계약서
별도 등록",,C20210101-0002,삼일회계법인,미사용,하림지주,허소라,,계약 종료
https://harim.business.lawform.io/clm/10633,-,,"[임대]사무실
(임대 > [임대]사무실)",2023-01-01,2023-12-31,"하림지주사옥 임대차 계약서
별도 등록",,C20230101-0003,(주)엔에스쇼핑,미사용,하림지주,오세미,,계약 종료
https://harim.business.lawform.io/clm/10604,-,,"[용역]고문·자문·컨설팅
(용역 > [용역]고문·자문·컨설팅)",2023-09-01,2023-12-31,"Harim Brand Build-up Project 기술자문 계약서
별도 등록",,C20230901-0002,(주)엔에스쇼핑,미사용,하림지주,오세미,,계약 종료
https://harim.business.lawform.io/clm/10623,-,,"[임대]사무실
(임대 > [임대]사무실)",2023-07-20,2023-12-31,"하림지주사옥 임대차 계약서
별도 등록",,C20230720-0001,하림애니멀클리닉센터,미사용,하림지주,오세미,,계약 종료
https://harim.business.lawform.io/clm/10596,-,,"[임대]사무실
(임대 > [임대]사무실)",2023-01-01,2023-12-31,"하림지주사옥 임대차 계약서
별도 등록",,C20230101-0006,(주)동림,미사용,하림지주,오세미,,계약 종료
https://harim.business.lawform.io/clm/10626,-,,"[임대]사무실
(임대 > [임대]사무실)",2023-01-01,2023-12-31,"하림지주사옥 임대차 계약서
별도 등록",,C20230508-0001,주식회사 하림산업 함열식품공장,미사용,하림지주,오세미,,계약 종료
https://harim.business.lawform.io/clm/10635,-,,"[임대]사무실
(임대 > [임대]사무실)",2023-01-01,2023-12-31,"하림지주사옥 임대차 계약서
별도 등록",,C20230101-0001,한국마이콤,미사용,하림지주,오세미,,계약 종료
https://harim.business.lawform.io/clm/10621,-,,"[업무·시스템]인사
(업무·시스템 > [업무·시스템]인사)",2021-01-01,2023-12-31,"HRD 서비스 제공 계약서
별도 등록",,C20210101-0003,(주) 멀티캠퍼스,미사용,하림지주,정다은,,계약 종료
https://harim.business.lawform.io/clm/10628,-,,"[임대]사무실
(임대 > [임대]사무실)",2023-01-01,2023-12-31,"하림지주사옥 임대차 계약서
별도 등록",,C20230101-0005,(주)하림,미사용,하림지주,오세미,,계약 종료
https://harim.business.lawform.io/clm/10590,-,,"[용역]고문·자문·컨설팅
(용역 > [용역]고문·자문·컨설팅)",2023-08-07,2024-01-07,"알렌하림 컨설팅 용역 계약서_(주)맥경영컨설팅
별도 등록",,C20221126-0001-2,(주)맥경영컨설팅,미사용,하림지주,윤승용,,계약 종료
https://harim.business.lawform.io/clm/10594,-,,"[임대]사무실
(임대 > [임대]사무실)",2023-01-01,2023-12-31,"하림지주사옥 임대차 계약서
별도 등록",,C20230101-0008,농업회사법인(유)에이치비씨,미사용,하림지주,오세미,,계약 종료
https://harim.business.lawform.io/clm/10641,-,,"[용역]기타
(용역 > [용역]기타)",2022-02-14,,"외부감사 계약서
별도 등록",,C20210101-0002-2,삼일회계법인,미사용,하림지주,허소라,,계약 종료
https://harim.business.lawform.io/clm/10623,-,,"[임대]사무실
(임대 > [임대]사무실)",2023-07-20,2023-12-31,"하림지주사옥 임대차 계약서
별도 등록",,C20230720-0001,하림애니멀클리닉센터,미사용,하림지주,오세미,,계약 종료
https://harim.business.lawform.io/clm/10500,-,,"[업무·시스템]준법지원
(업무·시스템 > [업무·시스템]준법지원)",2024-07-01,2025-06-30,"하림지주 Help-Line 계약서
별도 등록",,C20230701-0001,(사)한국기업윤리경영연구원,미사용,하림지주,윤승용,,계약 종료
https://harim.business.lawform.io/clm/10499,-,,"[업무·시스템]준법지원
(업무·시스템 > [업무·시스템]준법지원)",2024-07-01,2025-06-30,"하림지주 Help-Line 계약서
별도 등록",,C20230701-0001-2,(사)한국기업윤리경영연구원,미사용,하림지주,윤승용,,계약 종료
https://harim.business.lawform.io/clm/10552,-,,"[IT·시스템]사용/라이선스
(IT·시스템 > [IT·시스템]사용/라이선스)",2023-07-19,2024-07-18,"셔터스톡 기업 계정 라이선스 계약서
별도 등록",,C20230220-0001-2,셔터스톡코리아유한회사,미사용,하림지주,고성빈,,계약 종료
https://harim.business.lawform.io/clm/10553,-,,"[IT·시스템]사용/라이선스
(IT·시스템 > [IT·시스템]사용/라이선스)",2023-02-20,2024-02-09,"셔터스톡 기업 계정 라이선스 계약서
별도 등록",,C20230220-0001,셔터스톡코리아유한회사,미사용,하림지주,고성빈,,계약 종료
https://harim.business.lawform.io/clm/10635,-,,"[임대]사무실
(임대 > [임대]사무실)",2023-01-01,2023-12-31,"하림지주사옥 임대차 계약서
별도 등록",,C20230101-0001,한국마이콤,미사용,하림지주,오세미,,계약 종료
https://harim.business.lawform.io/clm/10591,-,,"[용역]고문·자문·컨설팅
(용역 > [용역]고문·자문·컨설팅)",2022-11-26,2022-12-10,"2022년 컨설팅 용역 계약서_(주)맥경영컨설팅
별도 등록",,C20221126-0001,(주)맥경영컨설팅,미사용,하림지주,윤승용,,계약 종료
https://harim.business.lawform.io/clm/10715,-,,"[IT·시스템]사용/라이선스
(IT·시스템 > [IT·시스템]사용/라이선스)",2022-12-01,2023-11-30,"Lucy 2.0 빅데이터 플랫폼 서비스 이용 계약
별도 등록",,C20221201-0003,(주)알에스엔,미사용,하림지주,고성빈,,계약 종료
https://harim.business.lawform.io/clm/10642,-,,"[기타]기타
(기타 > [기타]기타)",2021-01-01,2023-12-31,"외부감사 계약서
별도 등록",,C20210101-0002,삼일회계법인,미사용,하림지주,허소라,,계약 종료
https://harim.business.lawform.io/clm/10677,-,,"[마케팅]광고
(마케팅 > [마케팅]광고)",2022-09-01,2022-12-31,"2022년 광고 계약서_(유)엑셀로이콰인알앤디센터
별도 등록",,C20220901-0002,(유)엑셀로이콰인알앤디센터,미사용,하림지주,윤승용,,계약 종료
https://harim.business.lawform.io/clm/10630,-,,"[임대]사무실
(임대 > [임대]사무실)",2023-01-01,2023-12-31,"하림지주사옥 임대차 계약서
별도 등록",,C20230101-0004,하림푸드 주식회사,미사용,하림지주,오세미,,계약 종료
https://harim.business.lawform.io/clm/10436,-,,"사용/라이선스
(IT, 시스템 > 사용/라이선스)",2025-10-15,2026-10-14,"SAP 서비스 발주서에 대한 변경 요청서
별도 등록",,2025-10436-00000,에스에이피코리아(주),미사용,하림지주,이슬,,계약 이행 중
https://harim.business.lawform.io/clm/10433,-,"하림그룹 계열사 8개 TMS 시스템(싱그린에프에스, 주원산오리, 한강식품, 올품, 팜스코, 제일사료, 선진, 하림)","사용/라이선스
(IT, 시스템 > 사용/라이선스)",2025-10-01,2026-09-30,"하림그룹사 TMS 운영을 위한 TMAP API License 제공 계약
별도 등록",,2025-10433-00000,티맵모빌리티,미사용,하림지주,이슬,"월 2,300,000원",계약 이행 중
https://harim.business.lawform.io/clm/10426,-,,"위탁
(용역 > 위탁)",2025-10-14,2025-12-31,"용역계약서(하림USA 주식가치평가)_세인세무법인
별도 등록",,2025-10426-00000,세인세무법인,미사용,하림지주,이슬,"용역제공완료일(보고서 제출일) 이후 1개월 내 10,000,000(VAT별도)을 청구하기로 한다. 단, 용역을 수행하면서 발생된 기타 경비는 위 수수료와는 별도로 청구된다. 2. 지급시기: 용역보수는 청구일로부터 7영업일 지급하기로 한다.",계약 이행 중
https://harim.business.lawform.io/clm/10424,-,,"위탁
(용역 > 위탁)",2025-10-14,2025-12-31,"용역계약서(선진, 팬오션, 하림USA 손상검토)_광교회계법인
별도 등록",,2025-10424-00000,광교회계법인,미사용,하림지주,이슬,,계약 이행 중
https://harim.business.lawform.io/clm/10423,-,,"위탁
(용역 > 위탁)",2025-10-14,2025-12-31,"용역계약서(하림USA 주식가치평가)_광교회계법인
별도 등록",,2025-10423-00000,광교회계법인,미사용,하림지주,이슬,,계약 이행 중
https://harim.business.lawform.io/clm/10319,-,프로젝트 순연에 따른 대금 지급 조건 및 계약기간 변경,"위탁
(용역 > 위탁)",2025-09-18,2025-10-31,"[웅필름] 계약 변경 합의서
별도 등록",,2025-10319-00000,(주)웅필름 크리에이티브,미사용,하림지주,이슬,프로젝트 순연에 따른 대금 지급 조건 및 계약기간 변경,계약 이행 중
https://harim.business.lawform.io/clm/10470,-,,"[기타]기타
(기타 > [기타]기타)",2025-09-12,2030-09-12,"전환사채등 발행 및 인수인 명세서
별도 등록",,C20250912-0002,엔에이치투자증권 (디에스 M),미사용,하림지주,송영준,,계약 이행 중
https://harim.business.lawform.io/clm/10464,-,,"[IT·시스템]사용/라이선스
(IT·시스템 > [IT·시스템]사용/라이선스)",2025-10-15,2026-10-14,"SAP 서비스 발주서에 대한 변경 요청서
별도 등록",,C20251015-0001,에스에이피코리아(주),미사용,하림지주,이두원,,계약 이행 중
https://harim.business.lawform.io/clm/10465,-,,"[마케팅]광고
(마케팅 > [마케팅]광고)",2025-10-02,2025-10-02,"광고후원계약서
별도 등록",,C20251002-0001,(주)놀,미사용,하림지주,이두원,,계약 종료
https://harim.business.lawform.io/clm/10477,-,,"[공사]도급
(공사 > [공사]도급)",2025-09-01,2025-09-30,"간판 제작, 설치 계약서
별도 등록",,C20250901-0003,(주)현대광고기획,미사용,하림지주,송영준,,계약 종료
https://harim.business.lawform.io/clm/10486,-,,"[구매]기타
(구매 > [구매]기타)",2025-08-20,2025-09-30,"물품구매계약서(One-ERP-RPA 망분리 구축계약)
별도 등록",,C20250820-0001,(주)아이티센씨티에스,미사용,하림지주,송영준,,계약 종료
https://harim.business.lawform.io/clm/10469,-,,"[용역]고문·자문·컨설팅
(용역 > [용역]고문·자문·컨설팅)",2025-09-15,2026-03-20,"내부회계관리제도 개선 자문 용역계약서
별도 등록",,C20250915-0002,삼일회계법인,미사용,하림지주,이두원,,계약 이행 중
https://harim.business.lawform.io/clm/10468,-,,"[용역]고문·자문·컨설팅
(용역 > [용역]고문·자문·컨설팅)",2025-09-16,2026-03-20,"One-ERP 구축과 관련된 내부회계관리제도 고도화 용역
별도 등록",,C20250916-0002,삼덕회계법인,미사용,하림지주,이두원,,계약 이행 중
https://harim.business.lawform.io/clm/10481,-,,"[IT·시스템]유지보수
(IT·시스템 > [IT·시스템]유지보수)",2025-09-25,2026-09-24,"홈페이지 유지보수 계약서
별도 등록",,C20250925-0003,주식회사 웹모아,미사용,하림지주,이두원,,계약 이행 중
https://harim.business.lawform.io/clm/10484,-,,"[IT·시스템]유지보수
(IT·시스템 > [IT·시스템]유지보수)",2025-08-01,2026-07-31,"더존 EFIS 유지보수 연장 계약
별도 등록",,C20250801-0004,(주)더존비즈온,미사용,하림지주,송영준,,계약 이행 중
https://harim.business.lawform.io/clm/10493,-,,"[구매]기타
(구매 > [구매]기타)",2025-07-15,2026-07-14,"셔터스톡 디자인팀 시안용 라이선스 구매 계약
별도 등록",,C20250715-0001,셔터스톡코리아유한회사,미사용,하림지주,송영준,,계약 이행 중
https://harim.business.lawform.io/clm/10491,-,,"[IT·시스템]유지보수
(IT·시스템 > [IT·시스템]유지보수)",2025-07-01,2026-06-30,"더존 ERP-IU 유지보수 연장 계약
별도 등록",,C20250701-0001,(주)더존비즈온,미사용,하림지주,송영준,,계약 이행 중
https://harim.business.lawform.io/clm/10467,-,,"[기타]기타
(기타 > [기타]기타)",2025-09-25,2027-09-24,"하림산업[더미식] 수권서
별도 등록",,C20250925-0002,(주)하림산업,미사용,하림지주,송영준,,계약 이행 중
https://harim.business.lawform.io/clm/10474,-,,"[기타]기타
(기타 > [기타]기타)",2025-09-26,2025-09-27,"NS Food Festa 2025 대행 계약서
별도 등록",,C20250926-0001,PSB,미사용,하림지주,송영준,,계약 종료
https://harim.business.lawform.io/clm/10722,-,,"[임차]사택
(임차 > [임차]사택)",2022-09-25,2025-09-24,"주택임대차 계약서
별도 등록",,C20220925-0001,성열관,미사용,하림지주,허소라,,계약 종료
https://harim.business.lawform.io/clm/10466,-,,"[보험]재산
(보험 > [보험]재산)",2025-09-26,2026-09-26,"승강기사고 배상책임보험(2025년) 갱신의 건
별도 등록",,C20250926-0002,(주)현대해상화재보험,미사용,하림지주,송영준,2025.09.26(금),계약 이행 중
https://harim.business.lawform.io/clm/10492,-,,"[보험]단체
(보험 > [보험]단체)",2025-07-31,2026-07-31,"한화신종단체상해보험
별도 등록",,C20250731-0001,한화손해보험(주),미사용,하림지주,송영준,,계약 이행 중
https://harim.business.lawform.io/clm/10471,-,,"[기타]기타
(기타 > [기타]기타)",2025-09-15,2030-08-12,"교환대상주식 관리계약서
별도 등록",,C20250915-0001,한국예탁결제원,미사용,하림지주,송영준,,계약 이행 중
https://harim.business.lawform.io/clm/10473,-,,"[기타]기타
(기타 > [기타]기타)",2025-09-12,,"[NH] 하림지주 제13회 교환사채 인수계약서
별도 등록",,C20250912-0001,엔에이치투자증권 주식회사,미사용,하림지주,송영준,,계약 이행 중
https://harim.business.lawform.io/clm/10512,-,,"[임대]기타
(임대 > [임대]기타)",2025-02-05,2026-02-04,"농장 임대차 계약서(김제농장_조민정)
별도 등록",,C20250205-0001,조민정,미사용,하림지주,송영준,"165,000,000원(vat포함) → 분할 지급",계약 이행 중
https://harim.business.lawform.io/clm/10485,-,,"[임대]기타
(임대 > [임대]기타)",2025-09-25,2027-09-25,"임대차 계약서(성열관)
별도 등록",,C20250925-0001,성열관,미사용,하림지주,송영준,,계약 이행 중
https://harim.business.lawform.io/clm/10472,-,,"[기타]기타
(기타 > [기타]기타)",2025-09-09,,"주식매매계약서
별도 등록",,C20250909-0001,(주)팜스코,미사용,하림지주,송영준,,계약 이행 중
https://harim.business.lawform.io/clm/10476,-,,"[용역]기타
(용역 > [용역]기타)",2025-09-01,2028-08-31,"시스템 경비 서비스 신청서(에스원)
별도 등록",,C20250901-0004,(주)에스원,미사용,하림지주,송영준,,계약 이행 중
https://harim.business.lawform.io/clm/10483,-,,"[업무·시스템]인사
(업무·시스템 > [업무·시스템]인사)",2025-08-25,2025-10-30,"하림 인적성 맞춤화 프로젝트_2차 파일럿 테스트 계약서
별도 등록",,C20250825-0001,주식회사 오알피연구소,미사용,하림지주,송영준,,계약 이행 중
https://harim.business.lawform.io/clm/10495,-,,"[용역]기타
(용역 > [용역]기타)",2025-07-11,,"프로당구 대회 스폰서 계약서
별도 등록",,C20250910-0002,와우매니지먼트그룹,미사용,하림지주,송영준,,계약 이행 중
https://harim.business.lawform.io/clm/10478,-,,"[용역]기타
(용역 > [용역]기타)",2025-09-01,,"용역계약서
별도 등록",,C20250901-0002,세인세무법인,미사용,하림지주,송영준,,계약 이행 중
https://harim.business.lawform.io/clm/10479,-,,"[보험]재산
(보험 > [보험]재산)",2025-09-01,2026-09-01,"동산종합보험(작품명: 미생예찬)
별도 등록",,C20250827-0002,한화손해보험(주),미사용,하림지주,송영준,,계약 이행 중
https://harim.business.lawform.io/clm/10482,-,,"[보험]재산
(보험 > [보험]재산)",2025-09-01,2026-09-01,"동산종합보험(작품명: 은행나무)
별도 등록",,C20250901-0001,한화손해보험(주),미사용,하림지주,송영준,,계약 이행 중
https://harim.business.lawform.io/clm/10475,-,,"[기타]위임서
(기타 > [기타]위임서)",2025-09-10,,"위임계약서
별도 등록",,C20250910-0001,법무법인(유한)태평양,미사용,하림지주,송영준,,계약 이행 중
https://harim.business.lawform.io/clm/10501,-,,"[용역]기타
(용역 > [용역]기타)",2025-06-01,,"PBA 팀리그 운영 대행 계약서
별도 등록",,C20250601-0003,와우매니지먼트그룹,미사용,하림지주,송영준,,계약 이행 중
https://harim.business.lawform.io/clm/10502,-,,"[기타]기타
(기타 > [기타]기타)",2025-06-01,2026-03-15,"PBA 프로 당구 선수 메인 후원 계약서(영문)
별도 등록",,C20250601-0002,와우매니지먼트그룹,미사용,하림지주,송영준,,계약 이행 중
https://harim.business.lawform.io/clm/10502,-,,"[기타]기타
(기타 > [기타]기타)",2025-06-01,2026-03-15,"PBA 프로 당구 선수 메인 후원 계약서(영문)
별도 등록",,C20250601-0002,와우매니지먼트그룹,미사용,하림지주,송영준,,계약 이행 중
https://harim.business.lawform.io/clm/10503,-,,"[기타]기타
(기타 > [기타]기타)",2025-06-01,2026-03-15,"PBA 프로당구 선수 메인 후원 계약서(국문)
별도 등록",,C20250601-0001,와우매니지먼트그룹,미사용,하림지주,송영준,,계약 이행 중
https://harim.business.lawform.io/clm/10480,-,,"[임차]사무실
(임차 > [임차]사무실)",2025-08-27,2025-12-31,"임대차 계약서(하림센터)(글라이드)
별도 등록",,C20250827-0001,(주)글라이드,미사용,하림지주,송영준,,계약 이행 중
https://harim.business.lawform.io/clm/10488,-,,"[구매]기타
(구매 > [구매]기타)",2025-08-01,,"미술품 구매 계약서
별도 등록",,C20250801-0002,MOMAKGALLERY,미사용,하림지주,송영준,,계약 이행 중
https://harim.business.lawform.io/clm/10777,-,,"[용역]고문·자문·컨설팅
(용역 > [용역]고문·자문·컨설팅)",2025-09-01,2026-08-31,"세무고문 계약서
별도 등록",,C20210901-0001,세무법인 위즈택스,미사용,하림지주,허소라,,계약 이행 중
https://harim.business.lawform.io/clm/10516,-,,"[임차]사무실
(임차 > [임차]사무실)",2025-09-01,2027-08-31,"임대차 계약서(제일사료)(하림타워)
별도 등록",,C20250101-0003-2,제일사료,미사용,하림지주,송영준,,계약 이행 중
https://harim.business.lawform.io/clm/10663,-,,"[임차]사무실
(임차 > [임차]사무실)",2023-09-01,2025-08-31,"하림타워 임대차 계약서
별도 등록",,C20230901-0001-2,제일사료,미사용,하림지주,오세미,,계약 종료
https://harim.business.lawform.io/clm/10796,-,,"[렌탈]사무용품
(렌탈 > [렌탈]사무용품)",2025-08-31,2026-08-30,"복합기 임대차 계약서
별도 등록",,C20200901-0001,㈜운해솔루션,미사용,하림지주,오세미,,계약 이행 중
https://harim.business.lawform.io/clm/10494,-,,"[IT·시스템]개발/구축
(IT·시스템 > [IT·시스템]개발/구축)",2025-07-21,2026-01-15,"하림 One-ERP 1단계 구축-[HR시스템-회사평가 및 회부환경정의] 계약
별도 등록",,C20250721-0001,주식회사 이수시스템,미사용,하림지주,송영준,,계약 이행 중
https://harim.business.lawform.io/clm/10489,-,,"[임대]사무실
(임대 > [임대]사무실)",2025-08-01,,"윌앤비전_임대차 계약서
별도 등록",,C20250801-0003,주식회사 윌앤비전,미사용,하림지주,송영준,,계약 이행 중
https://harim.business.lawform.io/clm/10497,-,,"[구매]기타
(구매 > [구매]기타)",2025-07-10,2025-07-10,"닐슨IQ 데이터 구매 계약
별도 등록",,C20250710-0001,닐슨아이큐코리아,미사용,하림지주,송영준,,계약 이행 중
https://harim.business.lawform.io/clm/10487,-,,"[마케팅]광고
(마케팅 > [마케팅]광고)",2025-08-07,2025-08-17,"2025년 협찬 계약서_전주문화방송
별도 등록",,C20250807-0001,전주문화방송(주),미사용,하림지주,송영준,,계약 종료
https://harim.business.lawform.io/clm/10490,-,,"[임대]사무실
(임대 > [임대]사무실)",2025-08-01,2025-12-31,"임대차 변경 계약서
별도 등록",,C20250801-0001,(주)엔에스쇼핑,미사용,하림지주,송영준,,계약 종료
https://harim.business.lawform.io/clm/10725,-,,"[용역]기타
(용역 > [용역]기타)",2025-08-12,2026-08-11,"인재추천용역 계약서
별도 등록",,C20220812-0002,(주)유앤파트너즈,미사용,하림지주,정다은,,계약 이행 중
https://harim.business.lawform.io/clm/10498,-,,"[업무·시스템]준법지원
(업무·시스템 > [업무·시스템]준법지원)",2025-07-01,2026-06-30,"하림지주 Help-Line 계약서
별도 등록",,C20230701-0001-3,(사)한국기업윤리경영연구원,미사용,하림지주,윤승용,,계약 이행 중
https://harim.business.lawform.io/clm/10551,-,,"[IT·시스템]사용/라이선스
(IT·시스템 > [IT·시스템]사용/라이선스)",2024-08-01,2025-07-31,"셔터스톡 기업 계정 라이선스 계약서
별도 등록",,C20230220-0001-3,셔터스톡코리아유한회사,미사용,하림지주,고성빈,,계약 종료
https://harim.business.lawform.io/clm/10507,-,,"[IT·시스템]개발/구축
(IT·시스템 > [IT·시스템]개발/구축)",2025-03-25,2025-07-04,"브랜드 디자인 계약서
별도 등록",,C20250325-0001,인터브랜드(주),미사용,하림지주,송영준,,계약 종료
https://harim.business.lawform.io/clm/10733,-,,"[용역]기타
(용역 > [용역]기타)",2025-07-04,2026-07-03,"인재추천용역 계약서
별도 등록",,C20220704-0001,에이에이치알코리아,미사용,하림지주,정다은,,계약 이행 중
https://harim.business.lawform.io/clm/10678,-,,"[IT·시스템]유지보수
(IT·시스템 > [IT·시스템]유지보수)",2025-07-01,2026-06-30,"H-One업그레이드 및 유지보수 계약서
별도 등록",,C20190901-0001-2,(주)하림,미사용,하림지주,고성빈,,계약 이행 중
https://harim.business.lawform.io/clm/10555,-,,"[IT·시스템]사용/라이선스
(IT·시스템 > [IT·시스템]사용/라이선스)",2024-07-01,2025-06-30,"더존 클라우드 서비스 계약서
별도 등록",,C20240701-0005,(주)더존비즈온,미사용,하림지주,이두원,,계약 종료
https://harim.business.lawform.io/clm/10555,-,,"[IT·시스템]사용/라이선스
(IT·시스템 > [IT·시스템]사용/라이선스)",2024-07-01,2025-06-30,"더존 클라우드 서비스 계약서
별도 등록",,C20240701-0005,(주)더존비즈온,미사용,하림지주,이두원,,계약 종료
https://harim.business.lawform.io/clm/10572,-,,"[판매]주식
(판매 > [판매]주식)",2024-06-26,2025-06-30,"주식매매계약서
별도 등록",,C20240626-0002,한스에너지,미사용,하림지주,이두원,,계약 종료
https://harim.business.lawform.io/clm/10504,-,,"[용역]위탁
(용역 > [용역]위탁)",2025-05-15,2025-06-09,"하림 팝업 행사 대행 계약서(하림 맥시칸)
별도 등록",,C20250515-0001,원스컴퍼니,미사용,하림지주,이두원,,계약 종료
https://harim.business.lawform.io/clm/10575,-,,"[보험]재산
(보험 > [보험]재산)",2024-06-01,2025-05-31,"하이비즈재산종합보험 청약서
별도 등록",,C20240601-0002,(주)현대해상화재보험,미사용,하림지주,오세미,,계약 종료
https://harim.business.lawform.io/clm/10506,-,,"[용역]위탁
(용역 > [용역]위탁)",2025-03-26,2025-05-30,"영상물 제작 용역 계약서
별도 등록",,C20250326-0001,(주)웅필름 크리에이티브,미사용,하림지주,이두원,,계약 종료
https://harim.business.lawform.io/clm/10686,-,,"[임차]사택
(임차 > [임차]사택)",2023-05-12,2025-05-11,"사택 임대차 계약서(권지은 이사)
별도 등록",,C20230512-0001,조재국,미사용,하림지주,오세미,,계약 종료
https://harim.business.lawform.io/clm/10581,-,,"[임차]사택
(임차 > [임차]사택)",2024-05-05,2025-05-04,"부동산(원룸) 임대차 계약서
별도 등록",,C20240505-0001,정웅길,미사용,하림지주,정다은,,계약 종료
https://harim.business.lawform.io/clm/10505,-,,"[상표]양수도
(상표 > [상표]양수도)",2025-04-14,,"상표권 출원 명의 양도 계약서
별도 등록",,C20250414-0001,(주)엔에스쇼핑,미사용,하림지주,이두원,,계약 이행 중
https://harim.business.lawform.io/clm/10690,-,,"[IT·시스템]사용/라이선스
(IT·시스템 > [IT·시스템]사용/라이선스)",2023-04-12,2025-04-11,"DLP Cloud 보안 서비스 이용 계약서
별도 등록",,C20230412-0001,주식회사 소만사,미사용,하림지주,고성빈,,계약 종료
https://harim.business.lawform.io/clm/10554,-,,"[용역]고문·자문·컨설팅
(용역 > [용역]고문·자문·컨설팅)",2024-07-15,2025-03-31,"용역 계약서
별도 등록",,C20240715-0001,안진회계법인,미사용,하림지주,이두원,,계약 종료
https://harim.business.lawform.io/clm/10585,-,,"[렌탈]사무용품
(렌탈 > [렌탈]사무용품)",2024-04-01,2025-03-31,"PC류 렌탈 계약서
별도 등록",,C20240401-0003,롯데렌탈 (주),미사용,하림지주,고성빈,,계약 종료
https://harim.business.lawform.io/clm/10586,-,,"[렌탈]사무용품
(렌탈 > [렌탈]사무용품)",2024-04-01,2025-03-31,"PC류 공급 계약서
별도 등록",,C20240401-0002,롯데렌탈 (주),미사용,하림지주,고성빈,,계약 종료
https://harim.business.lawform.io/clm/10592,-,,"[용역]고문·자문·컨설팅
(용역 > [용역]고문·자문·컨설팅)",2024-04-01,2025-03-31,"법률자문계약서
별도 등록",,C20240401-0001,법무법인(유한) 서평,미사용,하림지주,오세미,,계약 종료
https://harim.business.lawform.io/clm/10511,-,,"[공사]도급
(공사 > [공사]도급)",2025-02-15,2025-03-02,"공사계약서(판교 윈스동 10층 냉난방기)
별도 등록",,C20250215-0001,하이엠솔루텍주식회사,미사용,하림지주,송영준,,계약 종료
https://harim.business.lawform.io/clm/10508,-,,"[용역]위탁
(용역 > [용역]위탁)",2025-03-10,,"강의 위촉 계약서(박찬석)
별도 등록",,C20250310-0001,박찬석,미사용,하림지주,송영준,,계약 이행 중
https://harim.business.lawform.io/clm/10510,-,,"[임차]사택
(임차 > [임차]사택)",2025-03-08,2026-03-07,"부동산 임대차 계약서(역삼디오슈페리움)
별도 등록",,C20250308-0001,성류미,미사용,하림지주,송영준,,계약 이행 중
https://harim.business.lawform.io/clm/10513,-,,"[IT·시스템]개발/구축
(IT·시스템 > [IT·시스템]개발/구축)",2025-02-03,2030-02-02,"하림 One ERP 1단계 구축 SAP Datasphere, SAC 라이센스 계약서 (디포커스)
별도 등록",,C20250203-0001,디포커스(DFocus),미사용,하림지주,고성빈,,계약 이행 중
https://harim.business.lawform.io/clm/10534,-,,"[IT·시스템]개발/구축
(IT·시스템 > [IT·시스템]개발/구축)",2024-10-16,2026-01-15,"하림 One ERP 1단계 구축 BI 경영정보 시스템 구축 계약서 (디포커스)
별도 등록",,C20241016-0001,디포커스(DFocus),미사용,하림지주,고성빈,,계약 이행 중
https://harim.business.lawform.io/clm/10697,-,,"[임차]사택
(임차 > [임차]사택)",2025-03-01,2026-02-28,"주택임대차 계약서
별도 등록",,C20230301-0002,동화상가(주)영동지사,미사용,하림지주,오세미,,계약 이행 중
https://harim.business.lawform.io/clm/10528,-,,"[용역]위탁
(용역 > [용역]위탁)",2024-12-01,2025-02-28,"「하림지주와 계열사간 브랜드 연결성 진단 및 하림BI 점검 조사」 용역 계약서
별도 등록",,C20241201-0001,(주)한국리서치,미사용,하림지주,이두원,,계약 종료
https://harim.business.lawform.io/clm/10697,-,,"[임차]사택
(임차 > [임차]사택)",2025-03-01,2026-02-28,"주택임대차 계약서
별도 등록",,C20230301-0002,동화상가(주)영동지사,미사용,하림지주,오세미,,계약 이행 중
https://harim.business.lawform.io/clm/10509,-,,"[용역]위탁
(용역 > [용역]위탁)",2025-01-01,2025-12-31,"시설물 관리 위수탁 계약서(케이에스지)
별도 등록",,C20250101-0007,(주)케이에스지,미사용,하림지주,송영준,,계약 이행 중
https://harim.business.lawform.io/clm/10541,-,,"[IT·시스템]사용/라이선스
(IT·시스템 > [IT·시스템]사용/라이선스)",2024-08-05,2026-08-04,"MZC 관리형 클라우드컴퓨팅 서비스 이용 약정
별도 등록",,C20240805-0003,메가존클라우드 주식회사,미사용,하림지주,송영준,,계약 이행 중
https://harim.business.lawform.io/clm/10542,-,,"[IT·시스템]사용/라이선스
(IT·시스템 > [IT·시스템]사용/라이선스)",2024-08-05,2026-08-04,"통합 디지털 서비스 이용 계약
별도 등록",,C20240805-0002,메가존클라우드 주식회사,미사용,하림지주,송영준,,계약 이행 중
https://harim.business.lawform.io/clm/10522,-,,"[임대]사무실
(임대 > [임대]사무실)",2025-01-01,2025-12-31,"임대차 계약서(하림)(익산센터)
별도 등록",,C20250101-0006,(주)하림,미사용,하림지주,송영준,,계약 이행 중
https://harim.business.lawform.io/clm/10524,-,,"[임대]사무실
(임대 > [임대]사무실)",2025-01-01,2025-12-31,"임대차 계약서(한국마이콤)(익산센터)
별도 등록",,C20250101-0004,한국마이콤,미사용,하림지주,송영준,,계약 이행 중
https://harim.business.lawform.io/clm/10523,-,,"[용역]위탁
(용역 > [용역]위탁)",2025-01-01,2025-12-31,"부동산 관리 대행 계약서 (하림지주 부동산 관리)
별도 등록",,C20250101-0005,(주)동림,미사용,하림지주,송영준,,계약 이행 중
https://harim.business.lawform.io/clm/10536,-,,"[IT·시스템]개발/구축
(IT·시스템 > [IT·시스템]개발/구축)",2024-09-30,2026-01-15,"하림 One ERP 1단계 구축 [HR시스템] 구축 계약서
별도 등록",,C20240930-0001,이수시스템,미사용,하림지주,고성빈,,계약 이행 중
https://harim.business.lawform.io/clm/10515,-,,"[임대]사무실
(임대 > [임대]사무실)",2025-01-20,2027-01-20,"부동산(아파트) 전세 계약서
별도 등록",,C20250120-0001,유경화,미사용,하림지주,송영준,,계약 이행 중
https://harim.business.lawform.io/clm/10519,-,,"[용역]고문·자문·컨설팅
(용역 > [용역]고문·자문·컨설팅)",2024-12-26,2025-01-24,"용역 계약서(하림USA)
별도 등록",,C20241226-0001,하림USA,미사용,하림지주,송영준,,계약 종료
https://harim.business.lawform.io/clm/10525,-,,"[자금]대출
(자금 > [자금]대출)",2024-12-19,,"조기상환 합의서(하림USA)
별도 등록",,C20241219-0001,하림USA,미사용,하림지주,송영준,,계약 이행 중
https://harim.business.lawform.io/clm/10514,-,,"[IT·시스템]개발/구축
(IT·시스템 > [IT·시스템]개발/구축)",2024-08-07,2026-01-15,"하림 One ERP 1단계 구축 HR 시스템 구축 PMO 프로젝트
별도 등록",,C20240807-0001,에이티커니코리아,미사용,하림지주,고성빈,,계약 이행 중
https://harim.business.lawform.io/clm/10521,-,,"[마케팅]광고
(마케팅 > [마케팅]광고)",2024-01-01,2024-12-31,"광고 계약서 (전북현대모터스)
별도 등록",,C20240101-0017,전북현대모터스에프씨 주식회사,미사용,하림지주,이두원,,계약 종료
https://harim.business.lawform.io/clm/10520,-,,"[IT·시스템]개발/구축
(IT·시스템 > [IT·시스템]개발/구축)",2025-01-01,2025-12-31,"하림 One ERP 1단계 구축 [Odata 생성관리 솔루션] 공급 계약서
별도 등록",,C20250101-0002,리디안솔루션 주식회사,미사용,하림지주,고성빈,,계약 이행 중
https://harim.business.lawform.io/clm/10527,-,,"[렌탈]차량
(렌탈 > [렌탈]차량)",2024-12-01,2027-11-30,"하림그룹 렌트카 대여료 통합단가 및 대여조건 포괄계약서
별도 등록",,C20241201-0002,현대캐피탈(주),미사용,하림지주,윤승용,,계약 이행 중
https://harim.business.lawform.io/clm/10530,-,,"[용역]위탁
(용역 > [용역]위탁)",2024-11-21,,"강의 위촉 계약서
별도 등록",,C20241121-0001,이동경,미사용,하림지주,송영준,,계약 이행 중
https://harim.business.lawform.io/clm/10531,-,,"[IT·시스템]개발/구축
(IT·시스템 > [IT·시스템]개발/구축)",2024-11-18,2026-01-15,"하림 One ERP 1단계 구축 [통합 한우방, 표준 Reporting tool 솔루션] 구축 계약서
별도 등록",,C20241118-0001,유비스톰 주식회사,미사용,하림지주,고성빈,,계약 이행 중
https://harim.business.lawform.io/clm/10532,-,,"[용역]위탁
(용역 > [용역]위탁)",2024-09-26,2024-11-15,"NS Food Festa 2024 대행 계약서
별도 등록",,C20240926-0001,주식회사 어퓨마케팅서비스,미사용,하림지주,송영준,,계약 종료
https://harim.business.lawform.io/clm/10535,-,,"[IT·시스템]사용/라이선스
(IT·시스템 > [IT·시스템]사용/라이선스)",2024-10-15,2026-10-14,"SAP 서비스 발주서
별도 등록",,C20241015-0001,에스에이피코리아(주),미사용,하림지주,고성빈,,계약 이행 중
https://harim.business.lawform.io/clm/10602,-,,"[공사]도급
(공사 > [공사]도급)",2024-01-22,2025-01-21,"간판 제작 및 설치 계약서
별도 등록",,C20240122-0001,디자인에스,미사용,하림지주,오세미,,계약 종료
https://harim.business.lawform.io/clm/10600,-,,"[임대]기타
(임대 > [임대]기타)",2024-01-12,2025-01-11,"김제농장 임대차 계약서
별도 등록",,C20240112-0002,조민정,미사용,하림지주,오세미,,계약 종료
https://harim.business.lawform.io/clm/10601,-,,"[임대]기타
(임대 > [임대]기타)",2024-01-12,2025-01-11,"고부농장 임대차 계약서
별도 등록",,C20240112-0001,차재철,미사용,하림지주,오세미,,계약 종료
https://harim.business.lawform.io/clm/10658,-,,"[임차]기타
(임차 > [임차]기타)",2025-01-01,2026-03-31,"연수원 임대차 계약서
별도 등록",,C20220901-0001-2,(주)케이지써닝라이프,미사용,하림지주,정다은,,계약 이행 중
https://harim.business.lawform.io/clm/10579,-,,"[용역]위탁
(용역 > [용역]위탁)",2024-06-01,2024-12-31,"부동산(건물) 관리 대행 계약서
별도 등록",,C20240601-0001,(주)동림,미사용,하림지주,오세미,,계약 종료
https://harim.business.lawform.io/clm/10634,-,,"[임대]사무실
(임대 > [임대]사무실)",2024-01-01,2024-12-31,"하림지주사옥 임대차 계약서
별도 등록",,C20230101-0001-2,한국마이콤,미사용,하림지주,오세미,,계약 종료
https://harim.business.lawform.io/clm/10631,-,,"[임대]사무실
(임대 > [임대]사무실)",2024-01-01,2024-12-31,"하림지주사옥 임대차 계약서
별도 등록",,C20230101-0003-3,(주)엔에스쇼핑,미사용,하림지주,오세미,,계약 종료
https://harim.business.lawform.io/clm/10618,-,,"[용역]위탁
(용역 > [용역]위탁)",2024-01-01,2024-12-31,"시설물 관리 위수탁 계약서
별도 등록",,C20240101-0003,(주)케이에스지,미사용,하림지주,오세미,,계약 종료
https://harim.business.lawform.io/clm/10629,-,,"[임대]사무실
(임대 > [임대]사무실)",2024-01-01,2024-12-31,"하림지주사옥 임대차 계약서
별도 등록",,C20230101-0004-2,하림푸드 주식회사,미사용,하림지주,오세미,,계약 종료
https://harim.business.lawform.io/clm/10622,-,,"[임대]사무실
(임대 > [임대]사무실)",2024-01-01,2024-12-31,"하림지주사옥 임대차 계약서
별도 등록",,C20230720-0001-2,하림애니멀클리닉센터,미사용,하림지주,오세미,,계약 종료
https://harim.business.lawform.io/clm/10624,-,,"[임대]사무실
(임대 > [임대]사무실)",2024-01-01,2024-12-31,"하림지주사옥 임대차 계약서
별도 등록",,C20230508-0001-3,주식회사 하림산업 함열식품공장,미사용,하림지주,오세미,,계약 종료
https://harim.business.lawform.io/clm/10629,-,,"[임대]사무실
(임대 > [임대]사무실)",2024-01-01,2024-12-31,"하림지주사옥 임대차 계약서
별도 등록",,C20230101-0004-2,하림푸드 주식회사,미사용,하림지주,오세미,,계약 종료
https://harim.business.lawform.io/clm/10631,-,,"[임대]사무실
(임대 > [임대]사무실)",2024-01-01,2024-12-31,"하림지주사옥 임대차 계약서
별도 등록",,C20230101-0003-3,(주)엔에스쇼핑,미사용,하림지주,오세미,,계약 종료
https://harim.business.lawform.io/clm/10634,-,,"[임대]사무실
(임대 > [임대]사무실)",2024-01-01,2024-12-31,"하림지주사옥 임대차 계약서
별도 등록",,C20230101-0001-2,한국마이콤,미사용,하림지주,오세미,,계약 종료
https://harim.business.lawform.io/clm/10643,-,,"[용역]위탁
(용역 > [용역]위탁)",2024-01-01,2024-12-31,"부동산 관리 대행 계약서
별도 등록",,C20240101-0002,(주)하림산업,미사용,하림지주,오세미,,계약 종료
https://harim.business.lawform.io/clm/10658,-,,"[임차]기타
(임차 > [임차]기타)",2025-01-01,2026-03-31,"연수원 임대차 계약서
별도 등록",,C20220901-0001-2,(주)케이지써닝라이프,미사용,하림지주,정다은,,계약 이행 중
https://harim.business.lawform.io/clm/10759,-,,"[IT·시스템]사용/라이선스
(IT·시스템 > [IT·시스템]사용/라이선스)",2022-03-01,2024-12-31,"Digital WorkPlace 서비스 계약서
별도 등록",,C20220301-0001,(주)하림,미사용,하림지주,고성빈,,계약 종료
https://harim.business.lawform.io/clm/10558,-,,"[렌탈]기타
(렌탈 > [렌탈]기타)",2024-07-02,,"렌탈(임대차) 명의변경 계약서
별도 등록",,C20240702-0001,(주)청호나이스,미사용,하림지주,이두원,,계약 이행 중
https://harim.business.lawform.io/clm/10529,-,,"[용역]기타
(용역 > [용역]기타)",2025-01-01,2027-12-31,"외부감사계약서
별도 등록",,C20250101-0001,삼정회계법인,미사용,하림지주,이두원,,계약 이행 중
https://harim.business.lawform.io/clm/10644,-,,"[업무·시스템]커뮤니케이션
(업무·시스템 > [업무·시스템]커뮤니케이션)",2023-12-01,2024-11-30,"홈페이지 유지관리에 대한 계약서
별도 등록",,C20221201-0002-2,(주)웹비스타,미사용,하림지주,윤혜진,,계약 종료
https://harim.business.lawform.io/clm/10714,-,,"[IT·시스템]사용/라이선스
(IT·시스템 > [IT·시스템]사용/라이선스)",2023-12-01,2024-11-30,"Lucy 2.0 빅데이터 플랫폼 서비스 이용 계약
별도 등록",,C20221201-0003-2,(주)알에스엔,미사용,하림지주,고성빈,,계약 종료
https://harim.business.lawform.io/clm/10773,-,,"[자금]은행
(자금 > [자금]은행)",2021-11-22,2024-11-22,"사채원리금 지급대행 계약서
별도 등록",,C20211122-0001,(주)우리은행,미사용,하림지주,윤혜진,,계약 종료
https://harim.business.lawform.io/clm/10647,-,,"[임차]사택
(임차 > [임차]사택)",2023-11-16,2024-11-16,"오피스텔 월세 계약서
별도 등록",,C20231116-0001,김현숙,미사용,하림지주,정다은,,계약 종료
https://harim.business.lawform.io/clm/10638,-,,"[용역]위탁
(용역 > [용역]위탁)",2023-10-31,2024-10-31,"용역계약약관
별도 등록",,C20231031-0001,디자인봄,미사용,하림지주,윤혜진,,계약 종료
https://harim.business.lawform.io/clm/10730,-,,"[기타]신청서
(기타 > [기타]신청서)",2022-08-01,2024-10-31,"시스템경비 신청서
별도 등록",,C20220801-0004,(주)에스원,미사용,하림지주,오세미,,계약 종료
https://harim.business.lawform.io/clm/10671,-,,"[IT·시스템]사용/라이선스
(IT·시스템 > [IT·시스템]사용/라이선스)",2023-07-01,2024-09-30,"더존 클라우드 계약서
별도 등록",,C20230701-0003,(주)더존비즈온,미사용,하림지주,고성빈,,계약 종료
https://harim.business.lawform.io/clm/10605,-,,"[상표]사용
(상표 > [상표]사용)",2024-01-01,2026-12-31,"상표 사용 계약서(하림푸드)
별도 등록",,C20240101-0016,하림푸드,미사용,하림지주,이두원,,계약 이행 중
https://harim.business.lawform.io/clm/10574,-,,"[용역]위탁
(용역 > [용역]위탁)",2024-05-20,2024-09-19,"웹사이트 제작 계약서
별도 등록",,C20240520-0001,주식회사 웹모아,미사용,하림지주,이두원,,계약 종료
https://harim.business.lawform.io/clm/10587,-,,"[교육]위탁(교육)
(교육 > [교육]위탁(교육))",2024-03-20,2024-09-19,"위탁훈련 계약서
별도 등록",,C20240320-0001,(주) 멀티캠퍼스,미사용,하림지주,이두원,,계약 종료
https://harim.business.lawform.io/clm/10543,-,,"[마케팅]광고
(마케팅 > [마케팅]광고)",2024-08-09,2024-08-11,"2024 JUMF 전주얼티밋 뮤직페스티벌 협찬
별도 등록",,C20240809-0001,전주문화방송(주),미사용,하림지주,이두원,,계약 종료
https://harim.business.lawform.io/clm/10544,-,,"[용역]위탁
(용역 > [용역]위탁)",2024-08-01,,"위임 계약서
별도 등록",,C20240801-0002,법무법인(유한)태평양,미사용,하림지주,이두원,,계약 이행 중
https://harim.business.lawform.io/clm/10545,-,,"[상표]양수도
(상표 > [상표]양수도)",2024-08-01,2024-08-15,"특허권 출원 명의 양도 계약서
별도 등록",,C20240801-0001,(주)하림산업,미사용,하림지주,이두원,,계약 종료
https://harim.business.lawform.io/clm/10556,-,,"[기타]합의서
(기타 > [기타]합의서)",2024-07-08,2024-08-31,"계약 변경 합의서(통합 PI)
별도 등록",,C20240708-0001,삼성SDS,미사용,하림지주,이두원,,계약 종료
https://harim.business.lawform.io/clm/10559,-,,"[기타]기타
(기타 > [기타]기타)",2024-07-01,,"명의변경(이용권 승계) 계약서
별도 등록",,C20240701-0004,SK브로드밴드(주),미사용,하림지주,이두원,,계약 이행 중
https://harim.business.lawform.io/clm/10567,-,,"[임차]기타
(임차 > [임차]기타)",2024-07-01,2026-01-31,"장비임대계약서
별도 등록",,C20240701-0003,(주)하림산업,미사용,하림지주,이두원,,계약 이행 중
https://harim.business.lawform.io/clm/10588,-,,"[용역]위탁
(용역 > [용역]위탁)",2024-03-20,,"사건 위임 계약서
별도 등록",,C20240319-0001,홍승면법률사무소,미사용,하림지주,이두원,,계약 이행 중
https://harim.business.lawform.io/clm/10661,-,,"[용역]고문·자문·컨설팅
(용역 > [용역]고문·자문·컨설팅)",2023-09-01,2024-08-31,"AHBHI 영업마케팅 실행력 개선 컨설팅 용역 계약서
별도 등록",,C20230901-0004,(주)하림,미사용,하림지주,오세미,,계약 종료
https://harim.business.lawform.io/clm/10666,-,,"[보험]단체
(보험 > [보험]단체)",2023-07-31,2024-07-31,"단체상해보험 계약서
별도 등록",,C20230731-0002,한화손해보험(주),미사용,하림지주,정다은,,계약 종료
https://harim.business.lawform.io/clm/10569,-,,"[구매]비품 등
(구매 > [구매]비품 등)",2024-06-28,2024-07-13,"자산 양도 · 양수 계약서
별도 등록",,C20240628-0003,(주)하림산업,미사용,하림지주,이두원,,계약 종료
https://harim.business.lawform.io/clm/10560,-,,"[기타]청약서
(기타 > [기타]청약서)",2024-07-01,,"ADT캡스 이용청약서
별도 등록",,C20240701-0001,SK쉴더스,미사용,하림지주,이두원,,계약 이행 중
https://harim.business.lawform.io/clm/10568,-,,"[용역]기타
(용역 > [용역]기타)",2024-07-01,2026-01-30,"용역계약서
별도 등록",,C20240701-0002,박부덕,미사용,하림지주,이두원,,계약 이행 중
https://harim.business.lawform.io/clm/10734,-,,"[임대]기타
(임대 > [임대]기타)",2022-07-01,2024-06-30,"토지 · 건물 임대차 계약서
별도 등록",,C20220701-0003,농업회사법인(유)에이치비씨,미사용,하림지주,오세미,,계약 종료
https://harim.business.lawform.io/clm/10735,-,,"[임대]기타
(임대 > [임대]기타)",2022-07-01,2024-06-30,"토지 · 건물 임대차 계약서
별도 등록",,C20220701-0002,농업회사법인 주식회사 비앤피,미사용,하림지주,오세미,,계약 종료
https://harim.business.lawform.io/clm/10576,-,,"[공사]도급
(공사 > [공사]도급)",2024-05-15,2024-06-28,"공사 도급 계약서 (김제농장 보수공사)
별도 등록",,C20240515-0001,(주)동림,미사용,하림지주,오세미,,계약 종료
https://harim.business.lawform.io/clm/10573,-,,"[IT·시스템]사용/라이선스
(IT·시스템 > [IT·시스템]사용/라이선스)",2024-09-01,2029-08-31,"하림지주 SAP PMC 라이선스 공급 계약
별도 등록",,C20240619-0002,삼성에스디에스주식회사,미사용,하림지주,고성빈,,계약 이행 중
https://harim.business.lawform.io/clm/10606,-,,"[상표]사용
(상표 > [상표]사용)",2024-01-01,2026-12-31,"상표권 사용 계약서(선진FS)
별도 등록",,C20240101-0015,(주)선진FS,미사용,하림지주,이두원,,계약 이행 중
https://harim.business.lawform.io/clm/10784,-,,"[판매]채권
(판매 > [판매]채권)",2021-06-09,2024-06-09,"채권질권설정계약서
별도 등록",,C20210609-0001,(주)팀포지티브제로,미사용,하림지주,윤혜진,,계약 종료
https://harim.business.lawform.io/clm/10785,-,,"[판매]채권
(판매 > [판매]채권)",2021-06-01,2024-06-09,"주식근질권설정계약서
별도 등록",,C20210608-0001,(주)팀포지티브제로,미사용,하림지주,윤혜진,,계약 종료
https://harim.business.lawform.io/clm/10607,-,,"[상표]사용
(상표 > [상표]사용)",2024-01-01,2026-12-31,"상표권 사용 계약서(선진한마을)
별도 등록",,C20240101-0014,농업회사법인(주)선진한마을,미사용,하림지주,오세미,,계약 이행 중
https://harim.business.lawform.io/clm/10580,-,,"[마케팅]후원
(마케팅 > [마케팅]후원)",2024-05-01,,"후원 계약서(하림배 프로 · 아마여자국수전)
별도 등록",,C20240501-0001,한국기,미사용,하림지주,이두원,,계약 이행 중
https://harim.business.lawform.io/clm/10608,-,,"[상표]사용
(상표 > [상표]사용)",2024-01-01,2026-12-31,"상표권 사용 계약서(애그리로보텍)
별도 등록",,C20240101-0013,(주)애그리로보텍,미사용,하림지주,오세미,,계약 이행 중
https://harim.business.lawform.io/clm/10609,-,,"[상표]사용
(상표 > [상표]사용)",2024-01-01,2026-12-31,"상표권 사용 계약서(선진팜)
별도 등록",,C20240101-0012,주식회사 선진팜,미사용,하림지주,오세미,,계약 이행 중
https://harim.business.lawform.io/clm/10610,-,,"[상표]사용
(상표 > [상표]사용)",2024-01-01,2026-12-31,"상표권 사용 계약서(제일사료)
별도 등록",,C20240101-0011,제일사료주식회사,미사용,하림지주,오세미,,계약 이행 중
https://harim.business.lawform.io/clm/10611,-,,"[상표]사용
(상표 > [상표]사용)",2024-01-01,2026-12-31,"상표권 사용 계약서(하림)
별도 등록",,C20240101-0010,(주)하림,미사용,하림지주,오세미,,계약 이행 중
https://harim.business.lawform.io/clm/10612,-,,"[상표]사용
(상표 > [상표]사용)",2024-01-01,2026-12-31,"상표권 사용 계약서(선진)
별도 등록",,C20240101-0009,(주)선진,미사용,하림지주,오세미,,계약 이행 중
https://harim.business.lawform.io/clm/10613,-,,"[상표]사용
(상표 > [상표]사용)",2024-01-01,2026-12-31,"상표권 사용 계약서(주원산오리)
별도 등록",,C20240101-0008,농업회사법인(주)주원산오리,미사용,하림지주,오세미,,계약 이행 중
https://harim.business.lawform.io/clm/10614,-,,"[상표]사용
(상표 > [상표]사용)",2024-01-01,2026-12-31,"상표권 사용 계약서(맥시칸)
별도 등록",,C20240101-0007,(주)맥시칸,미사용,하림지주,오세미,,계약 이행 중
https://harim.business.lawform.io/clm/10615,-,,"[상표]사용
(상표 > [상표]사용)",2024-01-01,2026-12-31,"상표권 사용 계약서(하림유통)
별도 등록",,C20240101-0006,주식회사하림유통,미사용,하림지주,오세미,,계약 이행 중
https://harim.business.lawform.io/clm/10616,-,,"[상표]사용
(상표 > [상표]사용)",2024-01-01,2026-12-31,"상표권 사용 계약서(하림산업)
별도 등록",,C20240101-0005,(주)하림산업,미사용,하림지주,오세미,,계약 이행 중
https://harim.business.lawform.io/clm/10617,-,,"[상표]사용
(상표 > [상표]사용)",2024-01-01,2026-12-31,"상표권 사용 계약서(하림펫푸드)
별도 등록",,C20240101-0004,(주)하림펫푸드,미사용,하림지주,오세미,,계약 이행 중
https://harim.business.lawform.io/clm/10682,-,,"[구매]자산
(구매 > [구매]자산)",2023-06-01,2023-06-15,"중고 자동차 양도 · 양수 계약서
별도 등록",,C20230601-0002,(주)엔에스쇼핑,미사용,하림지주,오세미,,계약 종료
https://harim.business.lawform.io/clm/10648,-,,"[용역]고문·자문·컨설팅
(용역 > [용역]고문·자문·컨설팅)",2023-11-06,2024-05-05,"컨설팅 계약서
별도 등록",,C20231106-0001,에이티커니코리아,미사용,하림지주,정다은,,계약 종료
https://harim.business.lawform.io/clm/10687,-,,"[임차]사택
(임차 > [임차]사택)",2023-05-06,2024-05-05,"사택 임대차 계약서(이성원 부장)
별도 등록",,C20230506-0001,정웅길,미사용,하림지주,윤혜진,,계약 종료
https://harim.business.lawform.io/clm/10688,-,,"[임차]사택
(임차 > [임차]사택)",2023-05-05,2024-05-04,"사택 임대차 계약서(조영일 이사)_장균선
별도 등록",,C20230505-0001,장균선,미사용,하림지주,윤혜진,,계약 종료
https://harim.business.lawform.io/clm/10673,-,,"[용역]고문·자문·컨설팅
(용역 > [용역]고문·자문·컨설팅)",2023-07-18,2024-04-30,"용역 계약서(XBRL 자문 )
별도 등록",,C20230718-0001,안진회계법인,미사용,하림지주,오세미,,계약 종료
https://harim.business.lawform.io/clm/10689,-,,"[업무·시스템]인사
(업무·시스템 > [업무·시스템]인사)",2023-04-06,2024-04-05,"리멤버 Enterprise 상품 계약서
별도 등록",,C20230406-0001,(주)드라마앤컴퍼니,미사용,하림지주,정다은,,계약 종료
https://harim.business.lawform.io/clm/10654,-,,"[용역]고문·자문·컨설팅
(용역 > [용역]고문·자문·컨설팅)",2023-10-01,2024-03-31,"용역 계약서
별도 등록",,C20231001-0003,서현회계법인,미사용,하림지주,허소라,,계약 종료
https://harim.business.lawform.io/clm/10597,-,,"[용역]위탁
(용역 > [용역]위탁)",2024-02-26,,"위임 계약서
별도 등록",,C20240226-0001,특허법인(유한) 대아,미사용,하림지주,윤승용,,계약 이행 중
https://harim.business.lawform.io/clm/10598,-,,"[구매]주식
(구매 > [구매]주식)",2024-02-28,,"주식 매매 계약서
별도 등록",,C20240228-0001,(학)신동아학원,미사용,하림지주,오세미,,계약 이행 중
https://harim.business.lawform.io/clm/10787,-,,"[자금]수수료
(자금 > [자금]수수료)",2021-03-19,2024-03-19,"지급보증 수수료 계약서
별도 등록",,C20210319-0002,하림USA,미사용,하림지주,윤혜진,,계약 종료
https://harim.business.lawform.io/clm/10788,-,,"[자금]수수료
(자금 > [자금]수수료)",2021-03-19,2024-03-19,"지급보증 수수료 계약서
별도 등록",,C20210319-0001,하림USA,미사용,하림지주,윤혜진,,계약 종료
https://harim.business.lawform.io/clm/10637,-,,"[용역]기타
(용역 > [용역]기타)",2023-12-19,,"용역 계약서
별도 등록",,C20240103-0001,세인세무법인,미사용,하림지주,오세미,,계약 이행 중
https://harim.business.lawform.io/clm/10646,-,,"[구매]주식
(구매 > [구매]주식)",2023-11-10,2024-02-16,"씨더블유씨앤디 주식 양수도 계약서 · 주주 협약서
별도 등록",,C20231110-0001,(주)호반건설,미사용,하림지주,윤혜진,,계약 종료
https://harim.business.lawform.io/clm/10599,-,,"[렌탈]사무용품
(렌탈 > [렌탈]사무용품)",2024-02-01,2027-01-31,"렌탈 서비스 계약서
별도 등록",,C20240201-0001,캐논코리아(주),미사용,하림지주,윤혜진,,계약 이행 중
https://harim.business.lawform.io/clm/10676,-,,"[마케팅]광고
(마케팅 > [마케팅]광고)",2023-01-01,2023-12-31,"광고 계약서
별도 등록",,C20220901-0002-2,(유)엑셀로이콰인알앤디센터,미사용,하림지주,윤승용,,계약 종료
https://harim.business.lawform.io/clm/10619,-,,"[용역]고문·자문·컨설팅
(용역 > [용역]고문·자문·컨설팅)",2024-01-01,,"2023년 세무조정 계약서
별도 등록",,C20240101-0001,세인세무법인,미사용,하림지주,오세미,,계약 이행 중
https://harim.business.lawform.io/clm/10620,-,,"[업무·시스템]인사
(업무·시스템 > [업무·시스템]인사)",2024-12-01,2026-12-31,"HRD 서비스 제공 계약서
별도 등록",,C20210101-0003-2,(주) 멀티캠퍼스,미사용,하림지주,정다은,,계약 이행 중
https://harim.business.lawform.io/clm/10655,-,,"[용역]고문·자문·컨설팅
(용역 > [용역]고문·자문·컨설팅)",2023-10-01,,"세무자문용역계약서
별도 등록",,C20231001-0002,세인세무법인,미사용,하림지주,허소라,,계약 이행 중
https://harim.business.lawform.io/clm/10650,-,,"[용역]기타
(용역 > [용역]기타)",2023-10-19,,"근로자 파견 계약서(변경)
별도 등록",,C20240110-0001,㈜케이에스지,미사용,하림지주,오세미,,계약 이행 중
https://harim.business.lawform.io/clm/10662,-,,"[용역]고문·자문·컨설팅
(용역 > [용역]고문·자문·컨설팅)",2023-09-01,2023-12-31,"컨설팅 용역 계약서
별도 등록",,C20230901-0003,"(주)하림산업
(주)하림펫푸드",미사용,하림지주,오세미,,계약 종료
https://harim.business.lawform.io/clm/10665,-,,"[용역]고문·자문·컨설팅
(용역 > [용역]고문·자문·컨설팅)",2023-08-23,2023-12-31,"연결회계정책 고도화 자문 용역 계약서
별도 등록",,C20230823-0001,서현회계법인,미사용,하림지주,허소라,,계약 종료
https://harim.business.lawform.io/clm/10703,-,,"[용역]기타
(용역 > [용역]기타)",2023-01-01,2023-12-31,"세무조정계약서
별도 등록",,C20230101-0009,세인세무법인,미사용,하림지주,허소라,,계약 종료
https://harim.business.lawform.io/clm/10704,-,,"[임대]사무실
(임대 > [임대]사무실)",2023-01-01,2023-12-31,"하림지주사옥 임대차 계약서
별도 등록",,C20230101-0007,농업회사법인 주식회사 비앤피,미사용,하림지주,오세미,,계약 종료
https://harim.business.lawform.io/clm/10705,-,,"[임대]사무실
(임대 > [임대]사무실)",2023-01-01,2023-12-31,"하림지주사옥 임대차 계약서
별도 등록",,C20230101-0002,(주)하림애니멀클리닉,미사용,하림지주,오세미,,계약 종료
https://harim.business.lawform.io/clm/10636,-,,"[판매]주식
(판매 > [판매]주식)",2023-12-20,,"주식 매매 계약서
별도 등록",,C20231220-0001,(주)선진,미사용,하림지주,오세미,,계약 이행 중
https://harim.business.lawform.io/clm/10639,-,,"[용역]기타
(용역 > [용역]기타)",2024-01-01,2026-12-31,"외부감사 계약서
별도 등록",,C20210101-0002-4,삼일회계법인,미사용,하림지주,허소라,,계약 이행 중
https://harim.business.lawform.io/clm/10683,-,,"[마케팅]광고
(마케팅 > [마케팅]광고)",2023-06-01,,"광고 계약서
별도 등록",,C20230601-0001,전북현대모터스에프씨 주식회사,미사용,하림지주,오세미,,계약 이행 중
https://harim.business.lawform.io/clm/10716,-,,"[보험]재산
(보험 > [보험]재산)",2022-12-01,2023-12-01,"하림센터 재산종합보험 청약서
별도 등록",,C20221201-0001,(주)현대해상화재보험,미사용,하림지주,오세미,,계약 종료
https://harim.business.lawform.io/clm/10694,-,,"[용역]기타
(용역 > [용역]기타)",2023-03-07,2023-11-30,"연결 내부회계 Dryrun Test 용역계약서
별도 등록",,C20230307-0002,삼덕회계법인,미사용,하림지주,윤혜진,,계약 종료
https://harim.business.lawform.io/clm/10713,-,,"[용역]고문·자문·컨설팅
(용역 > [용역]고문·자문·컨설팅)",2022-12-01,2023-11-30,"자문 계약서
별도 등록",,C20221201-0004,(주)우리파트너스,미사용,하림지주,오세미,,계약 종료
https://harim.business.lawform.io/clm/10657,-,,"[업무·시스템]인사
(업무·시스템 > [업무·시스템]인사)",2023-09-25,2023-11-17,"팀스파르타 주식회사 교육 프로그램 제공 계약서
별도 등록",,C20230925-0001,팀스파르타,미사용,하림지주,정다은,,계약 종료
https://harim.business.lawform.io/clm/10649,-,,"[기타]동의서
(기타 > [기타]동의서)",2023-10-30,,"훈련 참여 동의서
별도 등록",,C20231030-0001,"과학기술정보통신부
한국인터넷진흥원",미사용,하림지주,고성빈,,계약 종료
https://harim.business.lawform.io/clm/10656,-,,"[용역]고문·자문·컨설팅
(용역 > [용역]고문·자문·컨설팅)",2023-10-01,,"하림 USA 지분가치 평가 용역계약서
별도 등록",,C20231001-0001,광교회계법인,미사용,하림지주,허소라,,계약 이행 중
https://harim.business.lawform.io/clm/10660,-,,"[마케팅]광고
(마케팅 > [마케팅]광고)",2023-08-08,2023-10-06,"NS Food Festa 2023 대행 계약서
별도 등록",,C20230808-0001,주식회사 어퓨마케팅서비스,미사용,하림지주,윤혜진,,계약 종료
https://harim.business.lawform.io/clm/10669,-,,"[마케팅]후원
(마케팅 > [마케팅]후원)",2023-07-31,2023-08-13,"2023 JUMF 후원 계약서_전주문화방송
별도 등록",,C20230731-0001,전주문화방송(주),미사용,하림지주,윤혜진,,계약 종료
https://harim.business.lawform.io/clm/10670,-,,"[용역]기타
(용역 > [용역]기타)",2023-04-24,2023-08-31,"기업 준법경영 현황 점검 용역 계약서
별도 등록",,C20230424-0001,주식회사투명경영연구소,미사용,하림지주,윤승용,,계약 종료
https://harim.business.lawform.io/clm/10672,-,,"[마케팅]광고
(마케팅 > [마케팅]광고)",2023-07-24,2023-09-30,"업무제휴 계약서
별도 등록",,C20230724-0001,홍익여행사(주),미사용,하림지주,윤혜진,,계약 종료
https://harim.business.lawform.io/clm/10674,-,,"[마케팅]광고
(마케팅 > [마케팅]광고)",2023-07-04,2023-07-05,"2023 컬리 푸드 페스타 계약서
별도 등록",,C20230704-0001,피오피라인,미사용,하림지주,윤혜진,,계약 종료
https://harim.business.lawform.io/clm/10675,-,,"[공사]도급
(공사 > [공사]도급)",2023-07-03,2023-07-30,"UPS 축전지 교체 및 오버홀 공사 계약서
별도 등록",,C20230703-0001,(주)비엔피시스템,미사용,하림지주,오세미,,계약 종료
https://harim.business.lawform.io/clm/10681,-,,"[마케팅]후원
(마케팅 > [마케팅]후원)",2023-06-20,,"바둑 대회 후원 계약서
별도 등록",,C20230620-0001,한국기,미사용,하림지주,윤혜진,,계약 이행 중
https://harim.business.lawform.io/clm/10691,-,,"[용역]위탁
(용역 > [용역]위탁)",2023-04-01,,"교환사채 평가 용역계약서
별도 등록",,C20230401-0001,회계법인 동행,미사용,하림지주,허소라,,계약 이행 중
https://harim.business.lawform.io/clm/10693,-,,"[IT·시스템]개발/구축
(IT·시스템 > [IT·시스템]개발/구축)",2023-03-20,2023-06-02,"AllenHarim Power Apps 시스템구축 서비스(용역)계약서
별도 등록",,C20230320-0001,(주)덱스컨설팅,미사용,하림지주,고성빈,,계약 종료
https://harim.business.lawform.io/clm/10695,-,,"[렌탈]차량
(렌탈 > [렌탈]차량)",2023-03-07,2027-03-07,"차량 발주서
별도 등록",,C20230307-0001,현대캐피탈(주),미사용,하림지주,오세미,,계약 이행 중
https://harim.business.lawform.io/clm/10696,-,,"[용역]기타
(용역 > [용역]기타)",2023-02-27,2023-03-17,"용역 계약서
별도 등록",,C20230227-0001,한영회계법인,미사용,하림지주,오세미,,계약 종료
https://harim.business.lawform.io/clm/10698,-,,"[IT·시스템]유지보수
(IT·시스템 > [IT·시스템]유지보수)",2023-03-01,2028-02-29,"연결 내부회계 시스템 유지보수 계약서
별도 등록",,C20230301-0001,삼덕회계법인,미사용,하림지주,고성빈,,계약 이행 중
https://harim.business.lawform.io/clm/10699,-,,"[기타]합의서
(기타 > [기타]합의서)",2023-02-14,,"2023년 영문감사보고서 보수 합의서_삼일회계법인
별도 등록",,C20230214-0001,삼일회계법인,미사용,하림지주,허소라,,계약 종료
https://harim.business.lawform.io/clm/10700,-,,"[구매]기타
(구매 > [구매]기타)",2023-01-25,2028-01-24,"회원권 분양 계약서
별도 등록",,C20230125-0001,호반써밋 주식회사,미사용,하림지주,오세미,,계약 이행 중
https://harim.business.lawform.io/clm/10701,-,,"[구매]주식
(구매 > [구매]주식)",2023-01-13,,"출자지분 매매계약서
별도 등록",,C20230113-0001,대성축산(동물),미사용,하림지주,오세미,,계약 종료
https://harim.business.lawform.io/clm/10702,-,,"[용역]고문·자문·컨설팅
(용역 > [용역]고문·자문·컨설팅)",2023-01-07,2023-07-31,"컨설팅용역계약서
별도 등록",,C20230107-0001,(주)맥경영컨설팅,미사용,하림지주,오세미,,계약 종료
https://harim.business.lawform.io/clm/10706,-,,"[기타]위임서
(기타 > [기타]위임서)",2022-12-30,,"네이버 쇼핑 브랜드 관리 권한 위임
별도 등록",,C20221230-0002,주식회사 선진팜,미사용,하림지주,윤혜진,,계약 종료
https://harim.business.lawform.io/clm/10707,-,,"[용역]고문·자문·컨설팅
(용역 > [용역]고문·자문·컨설팅)",2022-12-30,,"법률자문 용역제공에 관한 약정서
별도 등록",,C20221230-0001,법무법인(유한)태평양,미사용,하림지주,윤승용,,계약 이행 중
https://harim.business.lawform.io/clm/10708,-,,"[상표]양수도
(상표 > [상표]양수도)",2022-12-23,,"상표권 양수도 계약서
별도 등록",,C20221223-0001,(주)하림산업,미사용,하림지주,오세미,,계약 종료
https://harim.business.lawform.io/clm/10709,-,,"[렌탈]차량
(렌탈 > [렌탈]차량)",2022-12-13,2026-12-12,"차량 발주서
별도 등록",,C20221213-0001,현대캐피탈(주),미사용,하림지주,오세미,,계약 이행 중
https://harim.business.lawform.io/clm/10710,-,,"[교육]위탁(훈련)
(교육 > [교육]위탁(훈련))",2022-12-21,2023-04-20,"위탁훈련 계약서
별도 등록",,C20221221-0001,(주) 멀티캠퍼스,미사용,하림지주,정다은,,계약 종료
https://harim.business.lawform.io/clm/10711,-,,"[IT·시스템]개발/구축
(IT·시스템 > [IT·시스템]개발/구축)",2022-12-06,2023-03-06,"연결 SOX 시스템 구축 계약서
별도 등록",,C20221206-0001,주식회사 굿센,미사용,하림지주,고성빈,,계약 종료
https://harim.business.lawform.io/clm/10712,-,,"[공사]도급
(공사 > [공사]도급)",2022-12-02,2022-12-02,"하림타워 H라운지 가전제품 설치공사 내역서
별도 등록",,C20221202-0001,(주)케이에스지,미사용,하림지주,오세미,,계약 종료
https://harim.business.lawform.io/clm/10739,-,,"[용역]기타
(용역 > [용역]기타)",2022-06-30,,"투자주식평가용역 계약서
별도 등록",,C20220607-0001,광교회계법인,미사용,하림지주,오세미,,계약 이행 중
https://harim.business.lawform.io/clm/10761,-,,"[기타]협약서
(기타 > [기타]협약서)",2022-01-04,2026-01-03,"산업체 위탁교육 계약서
별도 등록",,C20220104-0001,서울디지털대학교,미사용,하림지주,오세미,,계약 이행 중
https://harim.business.lawform.io/clm/10775,-,,"[용역]고문·자문·컨설팅
(용역 > [용역]고문·자문·컨설팅)",2021-11-01,,"2021년 세무자문용역계약서_세인세무법인
별도 등록",,C20211101-0001,세인세무법인,미사용,하림지주,윤승용,,계약 종료
https://harim.business.lawform.io/clm/10792,-,,"[자금]은행
(자금 > [자금]은행)",2020-10-13,2030-10-12,"특정금전신탁 계약서
별도 등록",,C20201013-0001,KB국민은행 강남파이낸스종합금융센터,미사용,하림지주,윤혜진,,계약 이행 중
https://harim.business.lawform.io/clm/10718,-,,"[기타]신청서
(기타 > [기타]신청서)",2022-11-04,,"2022년 코스닥시장 글로벌 기업 지정 신청서_한국거래소
별도 등록",,C20230509-0001,(주)한국거래소 서울사옥,미사용,하림지주,윤승용,,계약 종료
https://harim.business.lawform.io/clm/10719,-,,"[기타]서명서
(기타 > [기타]서명서)",2022-11-01,,"2022년 대표이사 등의 확인 서명서_문경민
별도 등록",,C20220816-0001,문경민,미사용,하림지주,윤승용,,계약 종료
https://harim.business.lawform.io/clm/10726,-,,"[기타]서약서
(기타 > [기타]서약서)",2022-08-12,,"2022년 윤리경영 공동 실천 서약서_회계법인 동행
별도 등록",,C20220812-0001,회계법인 동행,미사용,하림지주,윤승용,,계약 종료
https://harim.business.lawform.io/clm/10732,-,,"[기타]합의서
(기타 > [기타]합의서)",2022-07-08,,"2022년 영문감사보고서 보수 합의서_삼일회계법인
별도 등록",,C20220708-0001,삼일회계법인,미사용,하림지주,윤승용,,계약 종료
https://harim.business.lawform.io/clm/10748,-,,"[구매]주식
(구매 > [구매]주식)",2022-03-31,,"주식매매계약서
별도 등록",,C20220331-0001,(주)신메이홀딩스,미사용,하림지주,윤승용,,계약 종료
https://harim.business.lawform.io/clm/10751,-,,"[기타]의향서
(기타 > [기타]의향서)",2022-03-14,,"기부의향서
별도 등록",,C20220314-0002,서울특별시당구연맹,미사용,하림지주,윤승용,,계약 종료
https://harim.business.lawform.io/clm/10757,-,,"[구매]주식
(구매 > [구매]주식)",2022-03-01,,"2022년 주식매매계약서_(주)엔에스쇼핑
별도 등록",,C20220225-0001,(주)엔에스쇼핑,미사용,하림지주,윤승용,,계약 종료
https://harim.business.lawform.io/clm/10774,-,,"[용역]고문·자문·컨설팅
(용역 > [용역]고문·자문·컨설팅)",2021-11-01,,"2021년 법률자문계약서_법무법인 율촌
별도 등록",,C20211101-0002,법무법인(유한) 율촌,미사용,하림지주,윤승용,,계약 종료
https://harim.business.lawform.io/clm/10780,-,,"[용역]기타
(용역 > [용역]기타)",2021-08-23,,"2021년 하림지주사옥 하자진단용역계약서_기술법인위더스
별도 등록",,C20210823-0001,(유)기술법인위더스,미사용,하림지주,윤승용,,계약 종료
https://harim.business.lawform.io/clm/10781,-,,"[판매]주식
(판매 > [판매]주식)",2021-08-20,,"2021년 주식매매계약서_(주)제일사료
별도 등록",,C20210820-0001,제일사료주식회사,미사용,하림지주,윤승용,,계약 종료
https://harim.business.lawform.io/clm/10782,-,,"[용역]기타
(용역 > [용역]기타)",2021-08-01,,"2021년 용역계약서_세인세무법인
별도 등록",,C20210801-0001,세인세무법인,미사용,하림지주,윤승용,,계약 종료
https://harim.business.lawform.io/clm/10786,-,,"[상표]양수도
(상표 > [상표]양수도)",2021-05-31,,"2021년 상표권양수도계약서_(주)제일사료
별도 등록",,C20150813-0001,제일사료주식회사,미사용,하림지주,윤승용,,계약 종료
https://harim.business.lawform.io/clm/10789,-,,"[기타]합의서
(기타 > [기타]합의서)",2021-03-12,,"2021년 영문감사보고서보수합의서_삼일회계법인
별도 등록",,C20210312-0001,삼일회계법인,미사용,하림지주,허소라,,계약 종료
https://harim.business.lawform.io/clm/10790,-,,"[판매]주식
(판매 > [판매]주식)",2021-03-05,,"2021년 주식매매계약서-청운_(주)선
별도 등록",,C20210305-0002,㈜선진,미사용,하림지주,윤승용,,계약 종료
https://harim.business.lawform.io/clm/10791,-,,"[판매]주식
(판매 > [판매]주식)",2021-03-05,,"2021년 주식매매계약서-봉화_(주)선진
별도 등록",,C20210305-0001,㈜선진,미사용,하림지주,윤승용,,계약 종료
https://harim.business.lawform.io/clm/10793,-,,"[자금]은행
(자금 > [자금]은행)",2020-09-24,2023-09-22,"2020년 거래확인서_우리은행
별도 등록",,C20200924-0001,(주)우리은행,미사용,하림지주,윤승용,,계약 종료
https://harim.business.lawform.io/clm/10794,-,,"[구매]채권
(구매 > [구매]채권)",2020-09-17,2023-09-17,"2020년 주식근질권설정계약서_(유)케이비동인센트럴
별도 등록",,C20200917-0002,(유)케이비동인센트럴,미사용,하림지주,윤승용,,계약 종료
https://harim.business.lawform.io/clm/10795,-,,"[자금]대출
(자금 > [자금]대출)",2020-09-17,2023-09-17,"2020년 대출약정서_(유)케이비동인센트럴
별도 등록",,C20200917-0001,(유)케이비동인센트럴,미사용,하림지주,윤승용,,계약 종료
https://harim.business.lawform.io/clm/10776,-,,"[임차]사택
(임차 > [임차]사택)",2021-09-06,2023-09-05,"2021년 임대차계약서_은남기
별도 등록",,C20210906-0001,은남기,미사용,하림지주,윤승용,,계약 종료
https://harim.business.lawform.io/clm/10755,-,,"[임차]사무실
(임차 > [임차]사무실)",2022-03-01,2023-08-31,"2022년 하림타워 임대차 계약서_(주)제일사료
별도 등록",,C20220301-0002,제일사료주식회사,미사용,하림지주,윤승용,,계약 종료
https://harim.business.lawform.io/clm/10778,-,,"[임차]사무실
(임차 > [임차]사무실)",2021-09-01,2023-08-31,"2021년 임대차계약서_(주)제일사료
별도 등록",,C20210901-0002,제일사료주식회사,미사용,하림지주,윤승용,,계약 종료
https://harim.business.lawform.io/clm/10717,-,,"[IT·시스템]개발/구축
(IT·시스템 > [IT·시스템]개발/구축)",2022-10-28,2022-12-30,"2022년 하림푸드투어 웹 사이트[반응형]구축 계약서_디자인봄
별도 등록",,C20221028-0001,디자인봄,미사용,하림지주,윤승용,,계약 종료
https://harim.business.lawform.io/clm/10720,-,,"[기타]기타
(기타 > [기타]기타)",2022-12-27,,"2022년 합병 계약서_(주)엔에스지주
별도 등록",,C20221027-0001,(주)엔에스지주,미사용,하림지주,윤승용,,계약 종료
https://harim.business.lawform.io/clm/10721,-,,"[교육]위탁(교육)
(교육 > [교육]위탁(교육))",2022-10-29,2022-10-29,"2022년 강의위촉 계약서_조영태
별도 등록",,C20221029-0001,조영태,미사용,하림지주,윤승용,,계약 종료
https://harim.business.lawform.io/clm/10723,-,,"[교육]위탁(교육)
(교육 > [교육]위탁(교육))",2022-09-14,2022-12-01,"2022년 하림그룹 Digital School 위탁교육 신청서_(주)아이지엠세계경영연구원
별도 등록",,C20220914-0001-2,(주)아이지엠세계경영연구원,미사용,하림지주,윤승용,,계약 종료
https://harim.business.lawform.io/clm/10729,-,,"[용역]고문·자문·컨설팅
(용역 > [용역]고문·자문·컨설팅)",2022-08-01,2022-12-31,"2022년 고문 계약서_김혁
별도 등록",,C20220801-0005,김 혁,미사용,하림지주,윤승용,,계약 종료
https://harim.business.lawform.io/clm/10731,-,,"[보험]주택
(보험 > [보험]주택)",2022-08-01,2023-08-01,"2022년 주택화재보험 청약서_한화손해보험
별도 등록",,C20220801-0003,한화손해보험(주),미사용,하림지주,윤승용,,계약 종료
https://harim.business.lawform.io/clm/10736,-,,"[용역]고문·자문·컨설팅
(용역 > [용역]고문·자문·컨설팅)",2022-08-01,2023-07-31,"2022년 연구 및 자문용역 계약서_대외협력전략연구원
별도 등록",,C20220801-0002,대외협력전략연구원,미사용,하림지주,윤승용,,계약 종료
https://harim.business.lawform.io/clm/10737,-,,"[보험]단체
(보험 > [보험]단체)",2022-07-31,2023-07-31,"2022년 단체상해보험 계약서_한화손해보험
별도 등록",,C20220731-0001,한화손해보험(주),미사용,하림지주,윤승용,,계약 종료
https://harim.business.lawform.io/clm/10738,-,,"[업무·시스템]준법지원
(업무·시스템 > [업무·시스템]준법지원)",2022-07-01,2023-06-30,"2022년 HelpLine시스템 계약서_(사)한국기업윤리경영연구원
별도 등록",,C20220701-0001,(사)한국기업윤리경영연구원,미사용,하림지주,윤승용,,계약 종료
https://harim.business.lawform.io/clm/10741,-,,"[업무·시스템]인사
(업무·시스템 > [업무·시스템]인사)",2022-05-04,2023-05-03,"2022년 임직원 채용 서비스 계약서_(주)사람인에이치알
별도 등록",,C20220504-0001,(주)사람인에이치알,미사용,하림지주,윤승용,,계약 종료
https://harim.business.lawform.io/clm/10742,-,,"[마케팅]후원
(마케팅 > [마케팅]후원)",2022-05-01,,"2022년 후원 계약서_한국기원
별도 등록",,C20220501-0002,한국기,미사용,하림지주,윤승용,,계약 종료
https://harim.business.lawform.io/clm/10743,-,,"[용역]고문·자문·컨설팅
(용역 > [용역]고문·자문·컨설팅)",2022-05-01,,"2022년 세무자문 용역계약서_한영회계법인
별도 등록",,C20220501-0001,한영회계법인,미사용,하림지주,윤승용,,계약 종료
https://harim.business.lawform.io/clm/10746,-,,"[공사]도급
(공사 > [공사]도급)",2022-04-06,2022-04-30,"2022년 공사계약서_(주)두조원
별도 등록",,C20220406-0001,(주)두조원,미사용,하림지주,윤승용,,계약 종료
https://harim.business.lawform.io/clm/10747,-,,"[구매]주식
(구매 > [구매]주식)",2022-03-31,,"2022년 주식매매계약서_신메이홀딩스(일본어)
별도 등록",,C20220331-0002,(주)신메이홀딩스,미사용,하림지주,윤승용,,계약 종료
https://harim.business.lawform.io/clm/10749,-,,"[공사]도급
(공사 > [공사]도급)",2021-11-12,2022-04-30,"2022년 공사도급계약서[2차변경-고부농장]_(주)동림
별도 등록",,C20211112-0002,(주)동림,미사용,하림지주,윤승용,,계약 종료
https://harim.business.lawform.io/clm/10750,-,,"[공사]도급
(공사 > [공사]도급)",2021-11-12,2022-04-30,"2022년 공사도급계약서[2차변경-김제농장]_(주)동림
별도 등록",,C20211112-0001,(주)동림,미사용,하림지주,윤승용,,계약 종료
https://harim.business.lawform.io/clm/10752,-,,"[구매]기타
(구매 > [구매]기타)",2022-03-14,2023-03-14,"2022년 선물24계약_(주)위펀
별도 등록",,C20220314-0001,(주)위펀,미사용,하림지주,윤승용,,계약 종료
https://harim.business.lawform.io/clm/10754,-,,"[용역]고문·자문·컨설팅
(용역 > [용역]고문·자문·컨설팅)",2022-03-01,2023-03-31,"2022년 법률자문계약서_법률사무소 승로
별도 등록",,C20220301-0003,법률사무소 승로,미사용,하림지주,윤승용,,계약 종료
https://harim.business.lawform.io/clm/10756,-,,"[업무·시스템]인사
(업무·시스템 > [업무·시스템]인사)",2022-02-28,2023-02-28,"2022년 헤드헌팅 계약서_(주)피플스카우트
별도 등록",,C20220228-0001,(주)피플스카우트,미사용,하림지주,윤승용,,계약 종료
https://harim.business.lawform.io/clm/10758,-,,"[기타]기타
(기타 > [기타]기타)",2022-03-02,2022-08-31,"2022년 건강검진표준계약서_한국건강관리협회
별도 등록",,C20220302-0001,(사)한국건강관리협회 서울강남지부,미사용,하림지주,윤승용,,계약 종료
https://harim.business.lawform.io/clm/10762,-,,"[용역]고문·자문·컨설팅
(용역 > [용역]고문·자문·컨설팅)",2022-01-01,2022-12-31,"2022년 고문계약서(김윤배)
별도 등록",,C20220101-0010,김윤배,미사용,하림지주,윤승용,,계약 종료
https://harim.business.lawform.io/clm/10772,-,,"[판매]주식
(판매 > [판매]주식)",2022-03-01,2022-03-01,"2021년 주식교환계약서_(주)엔에스쇼핑
별도 등록",,C20220301-0004,(주)엔에스쇼핑,미사용,하림지주,윤승용,,계약 종료
https://harim.business.lawform.io/clm/10783,-,,"[임차]사택
(임차 > [임차]사택)",2021-07-31,2023-07-31,"2021년 아파트전세계약서_백은영
별도 등록",,C20210731-0001,백은영,미사용,하림지주,윤승용,,계약 종료
https://harim.business.lawform.io/clm/10740,-,,"[보험]재산
(보험 > [보험]재산)",2022-06-01,2023-06-01,"2022년 재산종합보험 청약서_현대해상화재보험
별도 등록",,C20220601-0001,(주)현대해상화재보험,미사용,하림지주,윤승용,,계약 종료
https://harim.business.lawform.io/clm/10779,-,,"[IT·시스템]사용/라이선스
(IT·시스템 > [IT·시스템]사용/라이선스)",2021-08-30,2021-08-30,"2021년 Microsoft License고객발주서_리드솔루션
별도 등록",,C20210830-0001,(주)리드솔루션,미사용,하림지주,윤승용,,계약 종료
https://harim.business.lawform.io/clm/10753,-,,"[IT·시스템]사용/라이선스
(IT·시스템 > [IT·시스템]사용/라이선스)",2022-03-10,2023-03-10,"2022년 셔터스톡 프리미어 라이선스 계약_셔터스톡코리아
별도 등록",,C20220310-0001,셔터스톡코리아유한회사,미사용,하림지주,윤승용,,계약 종료
https://harim.business.lawform.io/clm/10768,-,,"[임대]사무실
(임대 > [임대]사무실)",2022-01-01,2022-12-31,"2022년 지주사옥 임대차 계약서_(주)한국마이콤
별도 등록",,C20220101-0003,한국마이콤,미사용,하림지주,윤승용,,계약 종료
https://harim.business.lawform.io/clm/10728,-,,"[마케팅]광고
(마케팅 > [마케팅]광고)",2022-08-12,2022-08-28,"2022년 협찬 계약서_전주문화방송
별도 등록",,C20220826-0001,전주문화방송(주),미사용,하림지주,윤승용,,계약 종료
https://harim.business.lawform.io/clm/10745,-,,"[임차]사택
(임차 > [임차]사택)",2022-05-06,2023-05-05,"2022년 부동산(원룸)임대차 계약서_정웅길
별도 등록",,C20220505-0001,정웅길,미사용,하림지주,윤승용,,계약 종료
https://harim.business.lawform.io/clm/10727,-,,"[임대]사무실
(임대 > [임대]사무실)",2022-08-01,2022-12-31,"2022년 지주사옥 임대차 계약서_(주)하림푸드
별도 등록",,C20220801-0001,하림푸드 주식회사,미사용,하림지주,윤승용,,계약 종료
https://harim.business.lawform.io/clm/10744,-,,"[임차]사택
(임차 > [임차]사택)",2022-05-05,2023-05-04,"2022년 임대차 계약서_장균선
별도 등록",,C20220505-0002,장균선,미사용,하림지주,윤승용,,계약 종료
https://harim.business.lawform.io/clm/10760,-,,"[임대]사무실
(임대 > [임대]사무실)",2022-01-01,2022-12-31,"2022년 지주사옥 임대차 계약서_(주)동림
별도 등록",,C20220101-0009,(주)동림,미사용,하림지주,윤승용,,계약 종료
https://harim.business.lawform.io/clm/10763,-,,"[임대]사무실
(임대 > [임대]사무실)",2022-01-01,2022-12-31,"2022년 지주사옥 임대차 계약서_(주)하림
별도 등록",,C20220101-0008,(주)하림,미사용,하림지주,윤승용,,계약 종료
https://harim.business.lawform.io/clm/10764,-,,"[임대]사무실
(임대 > [임대]사무실)",2022-01-01,2022-12-31,"2022년 지주사옥 임대차 계약서_(주)하림애니멀클리닉
별도 등록",,C20220101-0007,(주)하림애니멀클리닉,미사용,하림지주,윤승용,,계약 종료
https://harim.business.lawform.io/clm/10765,-,,"[임대]사무실
(임대 > [임대]사무실)",2022-01-01,2022-12-31,"2022년 지주사옥 임대차 계약서_(주)비앤피
별도 등록",,C20220101-0006,농업회사법인 주식회사 비앤피,미사용,하림지주,윤승용,,계약 종료
https://harim.business.lawform.io/clm/10766,-,,"[임대]사무실
(임대 > [임대]사무실)",2022-01-01,2022-12-31,"2022년 지주사옥 임대차 계약서_(주)하림산업
별도 등록",,C20220101-0005,주식회사 하림산업 함열식품공장,미사용,하림지주,윤승용,,계약 종료
https://harim.business.lawform.io/clm/10767,-,,"[임대]사무실
(임대 > [임대]사무실)",2022-01-01,2022-12-31,"2022년 지주사옥 임대차 계약서_(주)하림엔에스
별도 등록",,C20220101-0004,하림엔에스,미사용,하림지주,윤승용,,계약 종료
https://harim.business.lawform.io/clm/10769,-,,"[임대]사무실
(임대 > [임대]사무실)",2022-01-01,2022-12-31,"2022년 지주사옥 임대차 계약서_(주)엔에스쇼핑
별도 등록",,C20220101-0002,(주)엔에스쇼핑,미사용,하림지주,윤승용,,계약 종료
https://harim.business.lawform.io/clm/10770,-,,"[임대]사무실
(임대 > [임대]사무실)",2022-01-01,2022-12-31,"2022년 지주사옥 임대차 계약서_(주)하림푸드
별도 등록",,C20220101-0001,하림푸드 주식회사,미사용,하림지주,윤승용,,계약 종료
https://harim.business.lawform.io/clm/10771,-,,"[임대]사무실
(임대 > [임대]사무실)",2021-01-01,2022-12-31,"2022년 지주사옥 임대차 계약서_(유)에이치비
별도 등록",,C20210101-0001,농업회사법인(유)에이치비씨,미사용,하림지주,윤승용,,계약 종료
